vah2_hydrocode	admincode
vwuds_0745	vwuds_entity_686
vwuds_0748	vwuds_entity_686
vwuds_5057	vwuds_entity_991
vwuds_1777	vwuds_entity_704
vwuds_2238	vwuds_entity_1090
vwuds_1465	vwuds_entity_1152
vwuds_10131	vwuds_entity_57
vwuds_10236	vwuds_entity_3017
vwuds_1172	vwuds_entity_745
vwuds_0641	vwuds_entity_1252
vwuds_1366	vwuds_entity_57
vwuds_0612	vwuds_entity_329
vwuds_0744	vwuds_entity_686
vwuds_1534	vwuds_entity_686
vwuds_10049	vwuds_entity_1767
vwuds_5786	vwuds_entity_765
vwuds_2153	vwuds_entity_879
vwuds_0904	vwuds_entity_333
vwuds_0743	vwuds_entity_686
vwuds_5423	vwuds_entity_1171
vwuds_0308	vwuds_entity_1353
vwuds_5408	vwuds_entity_1680
vwuds_2191	vwuds_entity_219
vwuds_5148	vwuds_entity_1652
vwuds_5694	vwuds_entity_1010
vwuds_0300	vwuds_entity_1182
vwuds_2287	vwuds_entity_25
vwuds_1779	vwuds_entity_219
vwuds_10183	vwuds_entity_219
vwuds_5777	vwuds_entity_902
vwuds_1092	vwuds_entity_1134
vwuds_10218	vwuds_entity_57
vwuds_10301	vwuds_entity_57
vwuds_10157	vwuds_entity_1867
vwuds_5088	vwuds_entity_918
vwuds_5485	vwuds_entity_352
vwuds_1711	vwuds_entity_1536
vwuds_5363	vwuds_entity_1589
vwuds_10124	vwuds_entity_57
vwuds_5161	vwuds_entity_799
vwuds_0819	vwuds_entity_1213
vwuds_5045	vwuds_own_5045
vwuds_5683	vwuds_entity_460
vwuds_10336	vwuds_entity_3948
vwuds_0845	vwuds_entity_1018
vwuds_1881	vwuds_entity_1054
vwuds_5605	vwuds_entity_210
vwuds_5621	vwuds_entity_574
vwuds_1786	vwuds_entity_1424
vwuds_10200	vwuds_entity_1901
vwuds_5193	vwuds_entity_827
vwuds_0350	vwuds_entity_1506
vwuds_1063	vwuds_entity_1508
vwuds_10137	vwuds_entity_57
vwuds_0708	vwuds_entity_50
vwuds_1313	vwuds_entity_937
vwuds_5042	vwuds_entity_272
vwuds_0995	vwuds_entity_359
vwuds_0720	vwuds_entity_167
vwuds_10044	vwuds_entity_1136
vwuds_1391	vwuds_entity_663
vwuds_5494	vwuds_entity_762
vwuds_10233	vwuds_entity_892
vwuds_0063	vwuds_entity_974
vwuds_2164	vwuds_entity_155
vwuds_0016	vwuds_entity_1500
vwuds_5327	vwuds_entity_1549
vwuds_5503	vwuds_entity_1642
vwuds_5078	vwuds_entity_1670
vwuds_10205	vwuds_entity_57
vwuds_1476	vwuds_entity_81
vwuds_0873	vwuds_entity_131
vwuds_0197	vwuds_entity_1397
vwuds_0094	vwuds_entity_167
vwuds_0315	vwuds_entity_1396
vwuds_1976	vwuds_entity_1696
vwuds_1194	vwuds_entity_760
vwuds_10129	vwuds_entity_57
vwuds_10122	vwuds_entity_57
vwuds_5671	vwuds_entity_214
vwuds_0682	vwuds_entity_1065
vwuds_1667	vwuds_entity_47
vwuds_5585	vwuds_entity_744
vwuds_10174	vwuds_entity_1603
vwuds_10411	vwuds_entity_10983
vwuds_1003	vwuds_entity_316
vwuds_1957	vwuds_entity_948
vwuds_1984	vwuds_entity_180
vwuds_0010	vwuds_entity_180
vwuds_0906	vwuds_entity_514
vwuds_0821	vwuds_entity_981
vwuds_5597	vwuds_entity_1164
vwuds_0402	vwuds_entity_337
vwuds_10240	vwuds_entity_2882
vwuds_10308	vwuds_entity_2882
vwuds_1765	vwuds_entity_1615
vwuds_5089	vwuds_entity_971
vwuds_0409	vwuds_entity_1224
vwuds_5157	vwuds_entity_1657
vwuds_1960	vwuds_entity_215
vwuds_10239	vwuds_entity_1195
vwuds_0482	vwuds_entity_1359
vwuds_5603	vwuds_entity_539
vwuds_5246	vwuds_entity_892
vwuds_1385	vwuds_entity_57
vwuds_5021	vwuds_own_5021
vwuds_0856	vwuds_entity_1300
vwuds_5577	vwuds_entity_251
vwuds_10086	vwuds_entity_441
vwuds_5087	vwuds_entity_354
vwuds_0370	vwuds_entity_663
vwuds_0408	vwuds_entity_1224
vwuds_10064	vwuds_entity_1777
vwuds_1428	vwuds_entity_1156
vwuds_5733	vwuds_entity_1323
vwuds_0041	vwuds_entity_1796
vwuds_5372	vwuds_entity_928
vwuds_10419	vwuds_entity_12525
vwuds_5443	vwuds_entity_1148
vwuds_10155	vwuds_entity_1865
vwuds_1463	vwuds_entity_1353
vwuds_1852	vwuds_entity_491
vwuds_10238	vwuds_entity_2319
vwuds_10164	vwuds_entity_1873
vwuds_0115	vwuds_entity_57
vwuds_2193	vwuds_entity_942
vwuds_5349	vwuds_entity_999
vwuds_0220	vwuds_entity_1130
vwuds_5557	vwuds_entity_1231
vwuds_10191	vwuds_entity_1894
vwuds_5084	vwuds_entity_349
vwuds_1343	vwuds_entity_1484
vwuds_0953	vwuds_entity_57
vwuds_0752	vwuds_entity_686
vwuds_0625	vwuds_entity_1041
vwuds_5290	vwuds_entity_1619
vwuds_10391	vwuds_entity_8721
vwuds_0468	vwuds_entity_626
vwuds_5810	vwuds_entity_679
vwuds_10067	vwuds_entity_1796
vwuds_5576	vwuds_entity_1434
vwuds_2130	vwuds_entity_571
vwuds_5497	vwuds_entity_720
vwuds_0973	vwuds_entity_686
vwuds_10280	vwuds_entity_3048
vwuds_0980	vwuds_entity_1057
vwuds_2282	vwuds_entity_1147
vwuds_5589	vwuds_entity_1258
vwuds_5320	vwuds_own_5320
vwuds_10287	vwuds_entity_3061
vwuds_0006	vwuds_entity_57
vwuds_2152	vwuds_entity_732
vwuds_5137	vwuds_entity_908
vwuds_1780	vwuds_entity_1380
vwuds_0152	vwuds_entity_1596
vwuds_5651	vwuds_entity_541
vwuds_10017	vwuds_entity_811
vwuds_5664	vwuds_entity_434
vwuds_0211	vwuds_entity_1213
vwuds_0125	vwuds_entity_314
vwuds_10132	vwuds_entity_57
vwuds_1524	vwuds_entity_312
vwuds_5879	vwuds_entity_676
vwuds_10384	vwuds_entity_8724
vwuds_1364	vwuds_entity_57
vwuds_2064	vwuds_entity_1481
vwuds_5171	vwuds_entity_1199
vwuds_0762	vwuds_entity_748
vwuds_5442	vwuds_entity_957
vwuds_2104	vwuds_entity_1580
vwuds_1002	vwuds_entity_512
vwuds_10363	vwuds_entity_3880
vwuds_0145	vwuds_entity_1552
vwuds_2024	vwuds_entity_1629
vwuds_0801	vwuds_entity_22
vwuds_5670	vwuds_entity_214
vwuds_0270	vwuds_entity_544
vwuds_0639	vwuds_entity_201
vwuds_0020	vwuds_entity_872
vwuds_5186	vwuds_entity_1227
vwuds_0138	vwuds_entity_1372
vwuds_5524	vwuds_entity_550
vwuds_5122	vwuds_entity_1409
vwuds_0106	vwuds_entity_75
vwuds_5770	vwuds_entity_927
vwuds_2190	vwuds_entity_1350
vwuds_1839	vwuds_entity_1335
vwuds_0377	vwuds_entity_663
vwuds_1284	vwuds_entity_1507
vwuds_5895	vwuds_entity_235
vwuds_1190	vwuds_entity_387
vwuds_10141	vwuds_entity_1852
vwuds_1205	vwuds_entity_57
vwuds_2234	vwuds_entity_69
vwuds_5812	vwuds_entity_198
vwuds_0212	vwuds_entity_1364
vwuds_5377	vwuds_entity_848
vwuds_0406	vwuds_entity_907
vwuds_0561	vwuds_entity_1202
vwuds_10333	vwuds_entity_11625
vwuds_10034	vwuds_entity_312
vwuds_1537	vwuds_entity_750
vwuds_1373	vwuds_entity_57
vwuds_10080	vwuds_entity_1815
vwuds_5779	vwuds_entity_1283
vwuds_5620	vwuds_entity_128
vwuds_10158	vwuds_entity_1868
vwuds_10477	vwuds_entity_734
vwuds_5833	vwuds_entity_868
vwuds_1314	vwuds_entity_57
vwuds_10162	vwuds_entity_1871
vwuds_5802	vwuds_entity_695
vwuds_1324	vwuds_entity_713
vwuds_1065	vwuds_entity_1517
vwuds_1672	vwuds_entity_47
vwuds_0232	vwuds_entity_711
vwuds_1193	vwuds_entity_760
vwuds_1409	vwuds_entity_943
vwuds_0582	vwuds_entity_101
vwuds_2102	vwuds_entity_206
vwuds_1109	vwuds_entity_1065
vwuds_10351	vwuds_entity_6196
vwuds_5479	vwuds_own_5479
vwuds_0150	vwuds_entity_334
vwuds_1860	vwuds_entity_335
vwuds_10101	vwuds_entity_441
vwuds_1358	vwuds_entity_1020
vwuds_10032	vwuds_entity_294
vwuds_10068	vwuds_entity_1786
vwuds_1269	vwuds_entity_1507
vwuds_1736	vwuds_entity_482
vwuds_1873	vwuds_entity_1249
vwuds_10212	vwuds_entity_57
vwuds_0185	vwuds_entity_1080
vwuds_5663	vwuds_entity_1241
vwuds_1893	vwuds_entity_1629
vwuds_1074	vwuds_entity_78
vwuds_1147	vwuds_own_1147
vwuds_5459	vwuds_entity_767
vwuds_1773	vwuds_entity_922
vwuds_10470	vwuds_entity_25409
vwuds_1643	vwuds_entity_1054
vwuds_10225	vwuds_entity_57
vwuds_5613	vwuds_entity_1107
vwuds_10323	vwuds_entity_3067
vwuds_5091	vwuds_entity_40
vwuds_5066	vwuds_entity_357
vwuds_10273	vwuds_entity_503
vwuds_0462	vwuds_entity_503
vwuds_5564	vwuds_entity_1075
vwuds_5765	vwuds_entity_454
vwuds_1945	vwuds_entity_730
vwuds_0039	vwuds_entity_1357
vwuds_1787	vwuds_entity_1634
vwuds_0168	vwuds_entity_289
vwuds_1272	vwuds_entity_1512
vwuds_1359	vwuds_entity_57
vwuds_10211	vwuds_entity_57
vwuds_5464	vwuds_entity_127
vwuds_5816	vwuds_entity_843
vwuds_5081	vwuds_entity_1254
vwuds_5288	vwuds_entity_1528
vwuds_5824	vwuds_entity_1623
vwuds_5075	vwuds_entity_836
vwuds_5354	vwuds_entity_1265
vwuds_5865	vwuds_entity_1433
vwuds_5803	vwuds_entity_1590
vwuds_0547	vwuds_entity_166
vwuds_5622	vwuds_entity_394
vwuds_0668	vwuds_entity_686
vwuds_5374	vwuds_entity_1404
vwuds_10059	vwuds_entity_1627
vwuds_0538	vwuds_entity_1724
vwuds_5063	vwuds_entity_560
vwuds_5114	vwuds_entity_936
vwuds_1921	vwuds_entity_1629
vwuds_1906	vwuds_entity_1629
vwuds_1441	vwuds_entity_57
vwuds_0022	vwuds_entity_264
vwuds_1361	vwuds_entity_622
vwuds_5495	vwuds_entity_794
vwuds_1915	vwuds_entity_1629
vwuds_0347	vwuds_entity_1836
vwuds_10335	vwuds_entity_3921
vwuds_5693	vwuds_entity_595
vwuds_1835	vwuds_entity_326
vwuds_5116	vwuds_entity_775
vwuds_0555	vwuds_entity_566
vwuds_0603	vwuds_entity_598
vwuds_1457	vwuds_entity_229
vwuds_1710	vwuds_entity_254
vwuds_0165	vwuds_entity_263
vwuds_5401	vwuds_entity_1034
vwuds_1344	vwuds_entity_1580
vwuds_2008	vwuds_entity_503
vwuds_0858	vwuds_entity_796
vwuds_0504	vwuds_entity_1354
vwuds_5630	vwuds_entity_218
vwuds_5478	vwuds_entity_1244
vwuds_0723	vwuds_entity_1603
vwuds_5713	vwuds_entity_175
vwuds_5550	vwuds_entity_510
vwuds_5409	vwuds_entity_724
vwuds_5527	vwuds_entity_398
vwuds_5432	vwuds_entity_1198
vwuds_1338	vwuds_entity_1332
vwuds_2179	vwuds_entity_1396
vwuds_1918	vwuds_entity_1629
vwuds_1896	vwuds_entity_1629
vwuds_5347	vwuds_entity_227
vwuds_5728	vwuds_entity_1280
vwuds_10188	vwuds_entity_1878
vwuds_5275	vwuds_entity_852
vwuds_0233	vwuds_entity_1563
vwuds_1902	vwuds_entity_1629
vwuds_1496	vwuds_entity_697
vwuds_10321	vwuds_entity_3046
vwuds_0886	vwuds_entity_1519
vwuds_2108	vwuds_entity_1568
vwuds_5466	vwuds_entity_240
vwuds_1316	vwuds_entity_1492
vwuds_1739	vwuds_entity_57
vwuds_5682	vwuds_entity_789
vwuds_5549	vwuds_entity_864
vwuds_5871	vwuds_entity_869
vwuds_1767	vwuds_entity_900
vwuds_1076	vwuds_entity_1386
vwuds_0532	vwuds_entity_1465
vwuds_0407	vwuds_entity_15
vwuds_10307	vwuds_entity_3040
vwuds_5367	vwuds_entity_479
vwuds_2120	vwuds_entity_745
vwuds_5153	vwuds_entity_1017
vwuds_5616	vwuds_entity_1270
vwuds_0518	vwuds_entity_1513
vwuds_1411	vwuds_entity_206
vwuds_5499	vwuds_entity_805
vwuds_5619	vwuds_entity_921
vwuds_1756	vwuds_entity_1011
vwuds_1020	vwuds_entity_160
vwuds_0012	vwuds_entity_782
vwuds_5151	vwuds_entity_1591
vwuds_5457	vwuds_entity_858
vwuds_0729	vwuds_entity_1396
vwuds_1898	vwuds_entity_1629
vwuds_10356	vwuds_entity_6210
vwuds_5053	vwuds_entity_768
vwuds_10145	vwuds_entity_1857
vwuds_5740	vwuds_entity_1699
vwuds_0763	vwuds_entity_630
vwuds_1919	vwuds_entity_1629
vwuds_5783	vwuds_entity_484
vwuds_10461	vwuds_entity_25054
vwuds_0480	vwuds_entity_1096
vwuds_0199	vwuds_entity_1412
vwuds_5625	vwuds_entity_358
vwuds_5350	vwuds_entity_214
vwuds_5624	vwuds_entity_30
vwuds_0697	vwuds_entity_208
vwuds_1004	vwuds_entity_1406
vwuds_1341	vwuds_entity_1425
vwuds_1911	vwuds_entity_1629
vwuds_1751	vwuds_entity_178
vwuds_5515	vwuds_entity_816
vwuds_0635	vwuds_entity_27
vwuds_0797	vwuds_entity_1377
vwuds_0885	vwuds_entity_1300
vwuds_1345	vwuds_entity_894
vwuds_1741	vwuds_entity_1059
vwuds_10294	vwuds_entity_3065
vwuds_2184	vwuds_entity_281
vwuds_2187	vwuds_entity_281
vwuds_1000	vwuds_entity_430
vwuds_0627	vwuds_entity_1113
vwuds_0703	vwuds_entity_1564
vwuds_1713	vwuds_entity_520
vwuds_5718	vwuds_entity_1162
vwuds_1043	vwuds_entity_1210
vwuds_1718	vwuds_entity_1655
vwuds_2186	vwuds_entity_281
vwuds_1356	vwuds_entity_281
vwuds_1467	vwuds_entity_281
vwuds_5745	vwuds_entity_904
vwuds_0188	vwuds_entity_1202
vwuds_5054	vwuds_entity_1675
vwuds_0586	vwuds_entity_22
vwuds_5309	vwuds_entity_233
vwuds_10439	vwuds_entity_15159
vwuds_1396	vwuds_entity_1580
vwuds_0420	vwuds_entity_656
vwuds_0527	vwuds_entity_1054
vwuds_1165	vwuds_entity_1216
vwuds_5034	vwuds_entity_1326
vwuds_0628	vwuds_entity_599
vwuds_0371	vwuds_entity_663
vwuds_0747	vwuds_entity_686
vwuds_1461	vwuds_entity_399
vwuds_5111	vwuds_entity_533
vwuds_5757	vwuds_entity_924
vwuds_10353	vwuds_entity_6215
vwuds_5334	vwuds_entity_1545
vwuds_5831	vwuds_entity_468
vwuds_10429	vwuds_entity_13222
vwuds_5581	vwuds_entity_1178
vwuds_5543	vwuds_entity_1308
vwuds_2057	vwuds_entity_1152
vwuds_0493	vwuds_entity_1152
vwuds_0043	vwuds_entity_1796
vwuds_0111	vwuds_entity_966
vwuds_5220	vwuds_entity_62
vwuds_5129	vwuds_entity_481
vwuds_5787	vwuds_entity_764
vwuds_5590	vwuds_entity_915
vwuds_5656	vwuds_entity_954
vwuds_5346	vwuds_entity_1191
vwuds_10393	vwuds_entity_8728
vwuds_5808	vwuds_entity_80
vwuds_5635	vwuds_entity_464
vwuds_5766	vwuds_entity_518
vwuds_5615	vwuds_entity_540
vwuds_5684	vwuds_entity_835
vwuds_5393	vwuds_entity_856
vwuds_10113	vwuds_entity_1848
vwuds_5674	vwuds_entity_1594
vwuds_5028	vwuds_entity_42
vwuds_2160	vwuds_entity_1407
vwuds_10185	vwuds_entity_1880
vwuds_1444	vwuds_entity_206
vwuds_0967	vwuds_entity_686
vwuds_5891	vwuds_entity_1660
vwuds_1878	vwuds_entity_503
vwuds_0986	vwuds_entity_636
vwuds_5823	vwuds_entity_798
vwuds_0491	vwuds_entity_1461
vwuds_2021	vwuds_entity_1629
vwuds_1892	vwuds_entity_1629
vwuds_1402	vwuds_entity_159
vwuds_0342	vwuds_entity_258
vwuds_2150	vwuds_entity_732
vwuds_1527	vwuds_entity_646
vwuds_0424	vwuds_entity_1510
vwuds_0171	vwuds_entity_1293
vwuds_10220	vwuds_entity_57
vwuds_0101	vwuds_entity_73
vwuds_0457	vwuds_entity_73
vwuds_0157	vwuds_entity_49
vwuds_5809	vwuds_entity_140
vwuds_1024	vwuds_entity_628
vwuds_5025	vwuds_entity_819
vwuds_1924	vwuds_entity_1629
vwuds_0716	vwuds_entity_1707
vwuds_0983	vwuds_entity_160
vwuds_5345	vwuds_entity_825
vwuds_0912	vwuds_entity_431
vwuds_1127	vwuds_entity_1735
vwuds_10451	vwuds_entity_24685
vwuds_0355	vwuds_entity_473
vwuds_2051	vwuds_entity_88
vwuds_0120	vwuds_entity_118
vwuds_0988	vwuds_entity_888
vwuds_2013	vwuds_entity_1065
vwuds_10168	vwuds_entity_1887
vwuds_10311	vwuds_entity_3041
vwuds_10446	vwuds_entity_22569
vwuds_5051	vwuds_entity_1292
vwuds_0949	vwuds_entity_1629
vwuds_2054	vwuds_entity_88
vwuds_1843	vwuds_entity_1535
vwuds_10368	vwuds_entity_6956
vwuds_1959	vwuds_entity_1461
vwuds_1925	vwuds_entity_1629
vwuds_0324	vwuds_entity_1275
vwuds_0832	vwuds_entity_122
vwuds_0817	vwuds_entity_1213
vwuds_0359	vwuds_entity_664
vwuds_1374	vwuds_entity_57
vwuds_5048	vwuds_entity_356
vwuds_1662	vwuds_entity_1540
vwuds_1889	vwuds_entity_503
vwuds_1770	vwuds_entity_1486
vwuds_5476	vwuds_entity_182
vwuds_1330	vwuds_entity_665
vwuds_2229	vwuds_entity_1008
vwuds_0190	vwuds_entity_1442
vwuds_5359	vwuds_entity_1715
vwuds_1688	vwuds_entity_161
vwuds_0868	vwuds_entity_1119
vwuds_10170	vwuds_entity_1879
vwuds_10104	vwuds_entity_2882
vwuds_1528	vwuds_entity_1289
vwuds_0803	vwuds_entity_1295
vwuds_10230	vwuds_entity_57
vwuds_0028	vwuds_entity_281
vwuds_0876	vwuds_entity_1630
vwuds_0712	vwuds_entity_426
vwuds_10062	vwuds_entity_1788
vwuds_5565	vwuds_entity_1229
vwuds_0533	vwuds_own_0533
vwuds_5535	vwuds_entity_41
vwuds_5071	vwuds_entity_361
vwuds_1180	vwuds_entity_1348
vwuds_5070	vwuds_entity_1419
vwuds_2020	vwuds_entity_1629
vwuds_0929	vwuds_entity_57
vwuds_5666	vwuds_entity_434
vwuds_1975	vwuds_entity_1696
vwuds_0828	vwuds_entity_1719
vwuds_0543	vwuds_entity_49
vwuds_0871	vwuds_entity_396
vwuds_0653	vwuds_entity_322
vwuds_0414	vwuds_entity_873
vwuds_0560	vwuds_entity_1115
vwuds_5419	vwuds_entity_624
vwuds_5659	vwuds_entity_913
vwuds_10434	vwuds_entity_15140
vwuds_2219	vwuds_entity_1168
vwuds_0951	vwuds_entity_57
vwuds_1414	vwuds_entity_12
vwuds_5095	vwuds_entity_115
vwuds_0764	vwuds_entity_1702
vwuds_5531	vwuds_entity_232
vwuds_1529	vwuds_entity_310
vwuds_5117	vwuds_entity_869
vwuds_0293	vwuds_entity_1152
vwuds_10433	vwuds_entity_13231
vwuds_2110	vwuds_entity_1697
vwuds_0119	vwuds_own_0119
vwuds_0601	vwuds_entity_38
vwuds_0391	vwuds_entity_502
vwuds_0804	vwuds_entity_671
vwuds_5522	vwuds_entity_1049
vwuds_0465	vwuds_entity_1152
vwuds_1143	vwuds_entity_226
vwuds_5618	vwuds_entity_555
vwuds_0971	vwuds_entity_1128
vwuds_10037	vwuds_entity_312
vwuds_0981	vwuds_entity_747
vwuds_1693	vwuds_entity_103
vwuds_0018	vwuds_entity_1224
vwuds_2098	vwuds_entity_215
vwuds_10078	vwuds_entity_1803
vwuds_0219	vwuds_entity_1129
vwuds_1011	vwuds_entity_1570
vwuds_0581	vwuds_entity_102
vwuds_5667	vwuds_entity_214
vwuds_5196	vwuds_entity_1243
vwuds_5894	vwuds_entity_1345
vwuds_10396	vwuds_entity_8736
vwuds_10449	vwuds_entity_23865
vwuds_10229	vwuds_entity_57
vwuds_0100	vwuds_entity_73
vwuds_5101	vwuds_entity_521
vwuds_5456	vwuds_entity_919
vwuds_2077	vwuds_entity_1180
vwuds_5024	vwuds_entity_785
vwuds_0965	vwuds_entity_686
vwuds_5678	vwuds_entity_772
vwuds_5547	vwuds_entity_800
vwuds_5228	vwuds_entity_346
vwuds_0880	vwuds_entity_570
vwuds_5749	vwuds_entity_989
vwuds_0877	vwuds_entity_1631
vwuds_1930	vwuds_entity_5
vwuds_1855	vwuds_entity_26
vwuds_2105	vwuds_entity_207
vwuds_1712	vwuds_entity_525
vwuds_1022	vwuds_entity_640
vwuds_0038	vwuds_entity_653
vwuds_0727	vwuds_entity_909
vwuds_5767	vwuds_own_5767
vwuds_0636	vwuds_entity_27
vwuds_10033	vwuds_entity_93
vwuds_5039	vwuds_entity_291
vwuds_0637	vwuds_entity_201
vwuds_10039	vwuds_entity_312
vwuds_5005	vwuds_entity_436
vwuds_10413	vwuds_entity_10991
vwuds_0139	vwuds_entity_1053
vwuds_2035	vwuds_entity_57
vwuds_1294	vwuds_entity_614
vwuds_2081	vwuds_entity_760
vwuds_5169	vwuds_entity_1070
vwuds_1501	vwuds_entity_1895
vwuds_1848	vwuds_entity_1578
vwuds_1753	vwuds_entity_1294
vwuds_5807	vwuds_entity_28
vwuds_5533	vwuds_entity_181
vwuds_5509	vwuds_entity_854
vwuds_0485	vwuds_entity_546
vwuds_0870	vwuds_entity_288
vwuds_10147	vwuds_entity_1858
vwuds_0059	vwuds_entity_1796
vwuds_0269	vwuds_entity_544
vwuds_10399	vwuds_entity_9334
vwuds_0862	vwuds_entity_887
vwuds_2289	vwuds_entity_1003
vwuds_1425	vwuds_entity_617
vwuds_10090	vwuds_entity_441
vwuds_1459	vwuds_entity_503
vwuds_10369	vwuds_entity_6958
vwuds_5189	vwuds_entity_1220
vwuds_0881	vwuds_entity_513
vwuds_5255	vwuds_entity_1245
vwuds_10150	vwuds_entity_1861
vwuds_0767	vwuds_entity_948
vwuds_1998	vwuds_entity_396
vwuds_0711	vwuds_entity_426
vwuds_0839	vwuds_entity_895
vwuds_10161	vwuds_entity_1871
vwuds_0664	vwuds_entity_686
vwuds_2211	vwuds_entity_966
vwuds_5634	vwuds_entity_363
vwuds_5441	vwuds_entity_955
vwuds_5502	vwuds_entity_1602
vwuds_0235	vwuds_entity_88
vwuds_5642	vwuds_entity_774
vwuds_0575	vwuds_entity_1297
vwuds_5638	vwuds_entity_467
vwuds_5762	vwuds_entity_629
vwuds_0306	vwuds_entity_1351
vwuds_5481	vwuds_entity_370
vwuds_10176	vwuds_entity_1881
vwuds_5487	vwuds_entity_618
vwuds_0126	vwuds_entity_639
vwuds_10151	vwuds_entity_1861
vwuds_10441	vwuds_entity_16501
vwuds_1206	vwuds_entity_173
vwuds_10377	vwuds_entity_8276
vwuds_10153	vwuds_entity_1863
vwuds_1679	vwuds_entity_322
vwuds_0910	vwuds_entity_359
vwuds_0882	vwuds_entity_1207
vwuds_10154	vwuds_entity_1864
vwuds_0562	vwuds_entity_1844
vwuds_10296	vwuds_entity_3066
vwuds_10138	vwuds_entity_57
vwuds_5403	vwuds_entity_1644
vwuds_0090	vwuds_entity_117
vwuds_5292	vwuds_entity_2882
vwuds_5381	vwuds_entity_1232
vwuds_10206	vwuds_entity_57
vwuds_5167	vwuds_entity_1108
vwuds_0346	vwuds_entity_306
vwuds_5339	vwuds_entity_378
vwuds_0392	vwuds_entity_664
vwuds_10159	vwuds_entity_1869
vwuds_0674	vwuds_entity_1141
vwuds_3000	vwuds_entity_1104
vwuds_0287	vwuds_entity_1152
vwuds_0307	vwuds_entity_1353
vwuds_1372	vwuds_entity_57
vwuds_1368	vwuds_entity_57
vwuds_1309	vwuds_entity_304
vwuds_2292	vwuds_entity_932
vwuds_1410	vwuds_entity_1004
vwuds_10394	vwuds_entity_8720
vwuds_5472	vwuds_entity_559
vwuds_10366	vwuds_entity_6644
vwuds_0808	vwuds_entity_1396
vwuds_0923	vwuds_entity_1430
vwuds_5362	vwuds_entity_486
vwuds_5746	vwuds_entity_1208
vwuds_5655	vwuds_entity_1047
vwuds_10444	vwuds_entity_16506
vwuds_0005	vwuds_entity_653
vwuds_1468	vwuds_entity_914
vwuds_5896	vwuds_entity_1281
gwp_0176_1	""
vwuds_0805	vwuds_entity_351
vwuds_5507	vwuds_entity_1255
vwuds_10345	vwuds_entity_4835
vwuds_1677	vwuds_entity_404
vwuds_10283	vwuds_entity_57
vwuds_1644	vwuds_entity_1462
vwuds_0811	vwuds_own_0811
vwuds_5804	vwuds_entity_459
vwuds_5077	vwuds_entity_551
vwuds_0879	vwuds_entity_1631
vwuds_10070	vwuds_entity_1793
vwuds_0800	vwuds_entity_1742
vwuds_5771	vwuds_entity_972
vwuds_5647	vwuds_entity_1435
vwuds_5523	vwuds_entity_338
vwuds_5282	vwuds_entity_1394
vwuds_1070	vwuds_entity_162
vwuds_2010	vwuds_entity_503
vwuds_2237	vwuds_entity_1573
vwuds_10098	vwuds_entity_441
vwuds_10416	vwuds_entity_11728
vwuds_5612	vwuds_entity_1661
vwuds_2082	vwuds_entity_57
vwuds_5857	vwuds_entity_892
vwuds_1699	vwuds_entity_2
vwuds_10302	vwuds_entity_57
vwuds_5201	vwuds_entity_529
vwuds_5739	vwuds_entity_13
vwuds_0463	vwuds_entity_939
vwuds_1903	vwuds_entity_1629
vwuds_0520	vwuds_entity_1800
vwuds_0992	vwuds_entity_1223
vwuds_2111	vwuds_entity_1396
vwuds_10337	vwuds_entity_3947
vwuds_5209	vwuds_entity_452
vwuds_1352	vwuds_entity_634
vwuds_2121	vwuds_entity_745
vwuds_0927	vwuds_entity_57
vwuds_0121	vwuds_entity_1730
vwuds_5877	vwuds_entity_1779
vwuds_5142	vwuds_entity_770
vwuds_0195	vwuds_entity_1297
vwuds_0419	vwuds_entity_1299
vwuds_10036	vwuds_entity_312
vwuds_10295	vwuds_entity_3042
vwuds_5689	vwuds_entity_1185
vwuds_1494	vwuds_entity_66
vwuds_10071	vwuds_entity_1787
vwuds_0404	vwuds_entity_861
vwuds_5641	vwuds_entity_814
vwuds_5567	vwuds_entity_1402
vwuds_5455	vwuds_entity_583
vwuds_1254	vwuds_entity_57
vwuds_5006	vwuds_entity_266
vwuds_10390	vwuds_entity_1311
vwuds_0167	vwuds_entity_286
vwuds_0160	vwuds_entity_138
vwuds_0503	vwuds_entity_281
vwuds_5780	vwuds_entity_718
vwuds_0835	vwuds_entity_988
vwuds_5753	vwuds_entity_1432
vwuds_1666	vwuds_entity_47
vwuds_5076	vwuds_entity_368
vwuds_1462	vwuds_entity_1473
vwuds_1940	vwuds_entity_1727
vwuds_2042	vwuds_entity_1296
vwuds_5050	vwuds_entity_67
vwuds_1709	vwuds_entity_152
vwuds_1884	vwuds_entity_1054
vwuds_2075	vwuds_entity_1507
vwuds_0848	vwuds_entity_284
vwuds_5489	vwuds_entity_815
vwuds_10418	vwuds_entity_12524
vwuds_1405	vwuds_entity_206
vwuds_5785	vwuds_entity_542
vwuds_0209	vwuds_entity_1214
vwuds_10231	vwuds_entity_1974
vwuds_0098	vwuds_entity_73
vwuds_1327	vwuds_entity_99
vwuds_10041	vwuds_entity_295
vwuds_5143	vwuds_own_5143
vwuds_0925	vwuds_entity_307
vwuds_5688	vwuds_entity_1645
vwuds_0522	vwuds_entity_1703
vwuds_0597	vwuds_entity_103
vwuds_0210	vwuds_entity_1214
vwuds_1419	vwuds_entity_1580
vwuds_5298	vwuds_entity_1607
vwuds_1832	vwuds_entity_788
vwuds_0494	vwuds_entity_1167
vwuds_1532	vwuds_entity_1322
vwuds_0327	vwuds_entity_219
vwuds_5591	vwuds_entity_597
vwuds_1106	vwuds_entity_408
vwuds_1340	vwuds_entity_409
vwuds_0652	vwuds_entity_1443
vwuds_1197	vwuds_entity_1727
vwuds_10194	vwuds_entity_1431
vwuds_0850	vwuds_entity_396
vwuds_2154	vwuds_entity_164
vwuds_1407	vwuds_entity_206
vwuds_2212	vwuds_entity_966
vwuds_0897	vwuds_entity_1023
vwuds_0961	vwuds_entity_729
vwuds_5580	vwuds_entity_1007
vwuds_1079	vwuds_entity_1550
vwuds_0571	vwuds_entity_1559
vwuds_0654	vwuds_entity_322
vwuds_0741	vwuds_entity_1628
vwuds_5490	vwuds_own_5490
vwuds_0238	vwuds_entity_144
vwuds_0009	vwuds_entity_716
vwuds_0558	vwuds_entity_962
vwuds_10279	vwuds_entity_3032
vwuds_10362	vwuds_entity_6629
vwuds_0473	vwuds_entity_1466
vwuds_1160	vwuds_entity_1727
vwuds_10217	vwuds_entity_57
vwuds_0181	vwuds_entity_909
vwuds_0225	vwuds_entity_1427
vwuds_5355	vwuds_entity_213
vwuds_0989	vwuds_entity_889
vwuds_5123	vwuds_entity_1405
vwuds_10397	vwuds_entity_8739
vwuds_2027	vwuds_entity_3021
vwuds_10173	vwuds_entity_1603
vwuds_5316	vwuds_entity_1622
vwuds_1036	vwuds_entity_48
vwuds_5628	vwuds_entity_172
vwuds_10438	vwuds_entity_15634
vwuds_0740	vwuds_entity_1503
vwuds_2207	vwuds_entity_853
vwuds_1669	vwuds_entity_47
vwuds_5599	vwuds_entity_376
vwuds_5448	vwuds_entity_645
vwuds_0418	vwuds_entity_653
vwuds_5138	vwuds_entity_946
vwuds_1053	vwuds_entity_22
vwuds_3004	vwuds_entity_147
vwuds_5500	vwuds_entity_1133
vwuds_1202	vwuds_entity_1543
vwuds_1754	vwuds_entity_1720
vwuds_10035	vwuds_entity_312
vwuds_0180	vwuds_entity_840
vwuds_1795	vwuds_entity_57
vwuds_0258	vwuds_entity_64
vwuds_5706	vwuds_entity_1779
vwuds_1727	vwuds_entity_1183
vwuds_0536	vwuds_entity_1470
vwuds_5086	vwuds_entity_1663
vwuds_5136	vwuds_entity_1410
vwuds_1454	vwuds_entity_1518
vwuds_1982	vwuds_entity_76
vwuds_5069	vwuds_entity_593
vwuds_5874	vwuds_entity_373
vwuds_2016	vwuds_entity_760
vwuds_5149	vwuds_entity_1584
vwuds_5352	vwuds_entity_1618
vwuds_5451	vwuds_entity_1712
vwuds_1018	vwuds_entity_196
vwuds_5705	vwuds_entity_777
vwuds_5825	vwuds_entity_808
vwuds_5654	vwuds_entity_587
vwuds_3005	vwuds_entity_766
vwuds_2199	vwuds_entity_686
vwuds_1752	vwuds_entity_710
vwuds_0523	vwuds_entity_956
vwuds_0086	vwuds_entity_74
vwuds_1021	vwuds_entity_188
vwuds_5475	vwuds_entity_449
vwuds_10417	vwuds_entity_11726
vwuds_5216	vwuds_entity_71
vwuds_5121	vwuds_entity_769
vwuds_10112	vwuds_entity_1846
vwuds_0579	vwuds_entity_641
vwuds_1890	vwuds_entity_1629
vwuds_10184	vwuds_entity_1886
vwuds_10398	vwuds_entity_8734
vwuds_0807	vwuds_entity_840
vwuds_5737	vwuds_entity_1325
vwuds_5009	vwuds_entity_1192
vwuds_0642	vwuds_entity_1252
vwuds_5199	vwuds_entity_1062
vwuds_1761	vwuds_entity_156
vwuds_5230	vwuds_entity_594
vwuds_0257	vwuds_entity_7
vwuds_509A	vwuds_entity_355
vwuds_5154	vwuds_entity_374
vwuds_5062	vwuds_entity_437
vwuds_0417	vwuds_entity_424
vwuds_0608	vwuds_entity_1039
vwuds_5428	vwuds_entity_1111
vwuds_5608	vwuds_entity_1230
vwuds_10401	vwuds_entity_9338
vwuds_0011	vwuds_entity_68
vwuds_5311	vwuds_entity_516
vwuds_0222	vwuds_entity_1740
vwuds_5769	vwuds_entity_1358
vwuds_10031	vwuds_entity_293
vwuds_10190	vwuds_entity_1893
vwuds_0325	vwuds_entity_123
vwuds_10410	vwuds_entity_10972
vwuds_0405	vwuds_entity_1501
vwuds_5610	vwuds_entity_1717
vwuds_1783	vwuds_entity_708
vwuds_5427	vwuds_entity_859
vwuds_1357	vwuds_own_1357
vwuds_0621	vwuds_entity_283
vwuds_5696	vwuds_entity_963
vwuds_0813	vwuds_entity_1167
vwuds_0189	vwuds_entity_1272
vwuds_5234	vwuds_entity_1197
vwuds_5496	vwuds_entity_1516
vwuds_1937	vwuds_entity_503
vwuds_5653	vwuds_entity_753
vwuds_10472	vwuds_entity_25451
vwuds_1840	vwuds_entity_1335
vwuds_1371	vwuds_entity_57
vwuds_2109	vwuds_entity_305
vwuds_1466	vwuds_entity_343
vwuds_5233	vwuds_entity_1422
vwuds_1805	vwuds_entity_130
vwuds_5465	vwuds_entity_186
vwuds_1329	vwuds_entity_315
vwuds_0849	vwuds_entity_396
vwuds_5204	vwuds_entity_534
vwuds_10424	vwuds_entity_12599
vwuds_0174	vwuds_entity_558
vwuds_2003	vwuds_entity_327
vwuds_10097	vwuds_entity_441
vwuds_2235	vwuds_entity_1896
vwuds_0709	vwuds_entity_1103
vwuds_5150	vwuds_entity_1253
vwuds_0492	vwuds_entity_1461
vwuds_5811	vwuds_entity_1171
vwuds_5404	vwuds_entity_667
vwuds_5775	vwuds_entity_953
vwuds_0205	vwuds_entity_1721
vwuds_0746	vwuds_entity_686
vwuds_5436	vwuds_entity_14
vwuds_0859	vwuds_entity_796
vwuds_1716	vwuds_entity_1137
vwuds_5596	vwuds_entity_1179
vwuds_5506	vwuds_entity_1598
vwuds_10029	vwuds_entity_1671
vwuds_5416	vwuds_entity_806
vwuds_5162	vwuds_entity_1097
vwuds_10415	vwuds_entity_11701
vwuds_10408	vwuds_entity_10975
vwuds_5276	vwuds_entity_489
vwuds_5462	vwuds_entity_968
vwuds_10074	vwuds_entity_1812
vwuds_5872	vwuds_entity_1643
vwuds_0596	vwuds_entity_103
vwuds_5606	vwuds_entity_567
vwuds_10172	vwuds_entity_1891
vwuds_0013	vwuds_entity_134
vwuds_10110	vwuds_entity_3020
vwuds_5049	vwuds_entity_23
vwuds_1443	vwuds_entity_206
vwuds_5107	vwuds_entity_224
vwuds_5592	vwuds_entity_372
vwuds_5073	vwuds_entity_554
vwuds_0887	vwuds_entity_1529
vwuds_10339	vwuds_entity_3949
vwuds_0123	vwuds_entity_1167
vwuds_2243	vwuds_entity_1796
vwuds_2031	vwuds_entity_256
vwuds_1328	vwuds_entity_1206
vwuds_0421	vwuds_entity_1504
vwuds_0760	vwuds_entity_1647
vwuds_1986	vwuds_entity_22
vwuds_1725	vwuds_entity_984
vwuds_10106	vwuds_entity_3019
vwuds_2006	vwuds_entity_1460
vwuds_10297	vwuds_entity_3044
vwuds_0844	vwuds_own_0844
vwuds_1857	vwuds_entity_692
vwuds_10387	vwuds_entity_8901
vwuds_10057	vwuds_entity_1627
vwuds_0732	vwuds_entity_1628
vwuds_10093	vwuds_entity_441
vwuds_1427	vwuds_entity_1290
vwuds_5312	vwuds_entity_1127
vwuds_1404	vwuds_entity_206
vwuds_5774	vwuds_entity_582
vwuds_1949	vwuds_entity_683
vwuds_5813	vwuds_entity_135
vwuds_5761	vwuds_entity_255
vwuds_1336	vwuds_entity_714
vwuds_5147	vwuds_entity_17
vwuds_5882	vwuds_entity_90
vwuds_5444	vwuds_entity_826
vwuds_0137	vwuds_entity_1557
vwuds_0019	vwuds_entity_275
vwuds_2170	vwuds_entity_503
vwuds_0191	vwuds_entity_1277
vwuds_10464	vwuds_entity_25108
vwuds_5125	vwuds_entity_1242
vwuds_1140	vwuds_entity_524
vwuds_1073	vwuds_entity_569
vwuds_0483	vwuds_entity_958
vwuds_5032	vwuds_entity_1121
vwuds_1895	vwuds_entity_1629
vwuds_2058	vwuds_entity_281
vwuds_0107	vwuds_entity_1095
vwuds_0611	vwuds_entity_328
vwuds_5439	vwuds_entity_1662
vwuds_1399	vwuds_entity_1371
vwuds_5665	vwuds_entity_434
vwuds_1423	vwuds_entity_979
vwuds_0891	vwuds_entity_1023
vwuds_5609	vwuds_entity_1260
vwuds_5530	vwuds_entity_1363
vwuds_0872	vwuds_entity_1572
vwuds_5033	vwuds_entity_1693
vwuds_1253	vwuds_entity_57
vwuds_5415	vwuds_entity_434
vwuds_5687	vwuds_entity_1282
vwuds_10431	vwuds_entity_13220
vwuds_10203	vwuds_entity_1849
vwuds_1708	vwuds_entity_139
vwuds_10091	vwuds_entity_441
vwuds_0271	vwuds_entity_545
vwuds_0008	vwuds_entity_229
vwuds_2239	vwuds_entity_312
vwuds_5526	vwuds_entity_418
vwuds_2009	vwuds_entity_503
vwuds_0329	vwuds_entity_1837
vwuds_5385	vwuds_entity_1285
vwuds_1290	vwuds_entity_1392
vwuds_1899	vwuds_entity_1629
vwuds_0214	vwuds_entity_184
vwuds_1480	vwuds_entity_192
vwuds_1668	vwuds_entity_47
vwuds_5788	vwuds_entity_341
vwuds_1854	vwuds_entity_143
vwuds_10480	vwuds_entity_26036
vwuds_1801	vwuds_entity_877
vwuds_5738	vwuds_entity_1100
vwuds_10040	vwuds_entity_312
vwuds_10457	vwuds_entity_2882
vwuds_2149	vwuds_entity_884
vwuds_2280	vwuds_entity_1843
vwuds_1481	vwuds_entity_506
vwuds_5488	vwuds_entity_146
vwuds_2038	vwuds_entity_503
vwuds_1482	vwuds_entity_1727
vwuds_5163	vwuds_entity_4
vwuds_0766	vwuds_entity_948
vwuds_10052	vwuds_entity_1790
vwuds_5727	vwuds_entity_1064
vwuds_10479	vwuds_entity_25971
vwuds_5792	vwuds_entity_619
vwuds_5784	vwuds_entity_1238
vwuds_2041	vwuds_entity_1246
vwuds_0323	vwuds_entity_1274
vwuds_0261	vwuds_entity_1450
vwuds_0830	vwuds_entity_552
vwuds_5146	vwuds_entity_829
vwuds_0326	vwuds_entity_124
vwuds_1882	vwuds_entity_1054
vwuds_0295	vwuds_entity_1152
vwuds_1071	vwuds_entity_162
vwuds_1304	vwuds_entity_658
vwuds_10114	vwuds_entity_1847
vwuds_5540	vwuds_entity_1165
vwuds_1636	vwuds_entity_171
vwuds_0519	vwuds_entity_216
vwuds_1730	vwuds_entity_301
vwuds_5046	vwuds_entity_362
vwuds_1460	vwuds_entity_503
vwuds_0361	vwuds_entity_664
vwuds_0557	vwuds_entity_702
vwuds_1858	vwuds_entity_634
vwuds_0025	vwuds_entity_10
vwuds_0472	vwuds_entity_63
vwuds_1318	vwuds_entity_189
vwuds_10435	vwuds_entity_15138
vwuds_0231	vwuds_entity_410
vwuds_5387	vwuds_entity_608
vwuds_0479	vwuds_entity_342
vwuds_5118	vwuds_entity_678
vwuds_1221	vwuds_entity_745
vwuds_5794	vwuds_entity_1046
vwuds_10346	vwuds_entity_4841
vwuds_1916	vwuds_entity_1629
vwuds_0099	vwuds_entity_73
vwuds_0159	vwuds_entity_126
vwuds_5035	vwuds_entity_440
vwuds_0630	vwuds_entity_507
vwuds_1152	vwuds_entity_745
vwuds_5595	vwuds_entity_1497
vwuds_10469	vwuds_entity_94
vwuds_0014	vwuds_entity_337
vwuds_10092	vwuds_entity_441
vwuds_10344	vwuds_entity_4836
vwuds_0915	vwuds_entity_114
vwuds_10473	vwuds_entity_25449
vwuds_0091	vwuds_entity_945
vwuds_5600	vwuds_entity_1106
vwuds_10167	vwuds_entity_1362
vwuds_5012	vwuds_entity_875
vwuds_2070	vwuds_entity_1056
vwuds_0576	vwuds_entity_1335
vwuds_1726	vwuds_entity_1499
vwuds_2188	vwuds_entity_1548
vwuds_5574	vwuds_entity_1609
vwuds_10404	vwuds_entity_9494
vwuds_5382	vwuds_entity_348
vwuds_5130	vwuds_entity_755
vwuds_5568	vwuds_entity_783
vwuds_5156	vwuds_entity_1061
vwuds_5469	vwuds_entity_804
vwuds_2226	vwuds_entity_929
vwuds_5388	vwuds_entity_1028
vwuds_0889	vwuds_entity_1395
vwuds_1938	vwuds_entity_1727
vwuds_10123	vwuds_entity_57
vwuds_10310	vwuds_entity_3038
vwuds_5328	vwuds_entity_1112
vwuds_5701	vwuds_entity_1284
vwuds_5126	vwuds_entity_1408
vwuds_0997	vwuds_entity_86
vwuds_5883	vwuds_entity_435
vwuds_10073	vwuds_entity_1783
vwuds_0771	vwuds_entity_737
vwuds_5421	vwuds_entity_20
vwuds_1320	vwuds_entity_190
vwuds_5631	vwuds_entity_603
vwuds_5782	vwuds_entity_16
vwuds_0357	vwuds_entity_653
vwuds_1994	vwuds_entity_727
vwuds_10317	vwuds_entity_3045
vwuds_1126	vwuds_entity_9
vwuds_1670	vwuds_entity_47
vwuds_10094	vwuds_entity_441
vwuds_5473	vwuds_entity_483
vwuds_5105	vwuds_entity_648
vwuds_5593	vwuds_entity_1172
vwuds_1905	vwuds_entity_1629
vwuds_2114	vwuds_entity_526
vwuds_5888	vwuds_entity_565
vwuds_5336	vwuds_entity_652
vwuds_5037	vwuds_entity_246
vwuds_10177	vwuds_entity_1885
vwuds_1426	vwuds_entity_474
vwuds_5335	vwuds_entity_817
vwuds_10051	vwuds_entity_1790
vwuds_10108	vwuds_entity_3016
vwuds_0852	vwuds_own_0852
vwuds_5158	vwuds_entity_509
vwuds_0857	vwuds_entity_796
vwuds_5259	vwuds_entity_925
vwuds_5538	vwuds_entity_1360
vwuds_0784	vwuds_entity_132
vwuds_10075	vwuds_entity_1802
vwuds_5870	vwuds_entity_965
vwuds_5734	vwuds_entity_1235
vwuds_10467	vwuds_entity_25244
vwuds_10096	vwuds_entity_441
vwuds_5680	vwuds_entity_450
vwuds_5717	vwuds_own_5717
vwuds_0578	vwuds_entity_641
vwuds_1326	vwuds_entity_1124
vwuds_2225	vwuds_entity_1338
vwuds_10105	vwuds_entity_3018
vwuds_10060	vwuds_entity_1792
vwuds_5555	vwuds_entity_421
vwuds_10102	vwuds_entity_441
vwuds_5544	vwuds_entity_466
vwuds_10277	vwuds_entity_3047
vwuds_0599	vwuds_entity_103
vwuds_5751	vwuds_entity_809
vwuds_2281	vwuds_entity_154
vwuds_5008	vwuds_entity_980
vwuds_1907	vwuds_entity_1629
vwuds_10143	vwuds_entity_1855
vwuds_10066	vwuds_entity_1777
vwuds_10065	vwuds_entity_1777
vwuds_5041	vwuds_entity_292
vwuds_5560	vwuds_entity_1700
vwuds_2151	vwuds_entity_732
vwuds_5558	vwuds_entity_847
vwuds_5364	vwuds_entity_1188
vwuds_10426	vwuds_entity_12600
vwuds_2093	vwuds_entity_883
vwuds_0869	vwuds_entity_1146
vwuds_5539	vwuds_entity_1264
vwuds_0563	vwuds_entity_1373
vwuds_0112	vwuds_entity_150
vwuds_10195	vwuds_entity_1900
vwuds_10095	vwuds_entity_441
vwuds_5399	vwuds_entity_448
vwuds_0226	vwuds_entity_12
vwuds_0215	vwuds_entity_602
vwuds_5866	vwuds_entity_802
vwuds_1275	vwuds_entity_1399
vwuds_10378	vwuds_entity_8410
vwuds_10192	vwuds_entity_1777
vwuds_5796	vwuds_entity_44
vwuds_0230	vwuds_entity_404
vwuds_5772	vwuds_entity_590
vwuds_5085	vwuds_entity_19
vwuds_5640	vwuds_entity_455
vwuds_2200	vwuds_entity_572
vwuds_10405	vwuds_entity_9501
vwuds_0401	vwuds_entity_134
vwuds_1138	vwuds_entity_158
vwuds_0590	vwuds_entity_168
vwuds_10193	vwuds_entity_1777
vwuds_2293	vwuds_entity_672
vwuds_1714	vwuds_entity_698
vwuds_5484	vwuds_entity_244
vwuds_10079	vwuds_entity_1808
vwuds_5338	vwuds_entity_592
vwuds_1748	vwuds_entity_664
vwuds_5079	vwuds_entity_820
vwuds_0400	vwuds_entity_134
vwuds_1941	vwuds_entity_344
vwuds_0144	vwuds_entity_446
vwuds_5632	vwuds_own_5632
vwuds_0254	vwuds_own_0254
vwuds_2050	vwuds_entity_607
vwuds_5092	vwuds_entity_803
vwuds_0661	vwuds_entity_967
vwuds_10332	vwuds_entity_3884
vwuds_0726	vwuds_entity_1211
vwuds_1887	vwuds_entity_1249
vwuds_0914	vwuds_entity_322
vwuds_1097	vwuds_entity_1475
vwuds_1008	vwuds_entity_660
vwuds_5486	vwuds_entity_1287
vwuds_1059	vwuds_entity_1379
vwuds_5165	vwuds_entity_1643
vwuds_1676	vwuds_entity_1727
vwuds_1434	vwuds_entity_57
vwuds_10274	vwuds_entity_3035
vwuds_5541	vwuds_entity_812
vwuds_5572	vwuds_entity_109
vwuds_5460	vwuds_entity_221
vwuds_0999	vwuds_entity_360
vwuds_2232	vwuds_entity_503
vwuds_5120	vwuds_entity_238
vwuds_5559	vwuds_entity_1238
vwuds_5704	vwuds_entity_1401
vwuds_1360	vwuds_entity_57
vwuds_1433	vwuds_entity_57
vwuds_5113	vwuds_entity_869
vwuds_0297	vwuds_entity_503
vwuds_2158	vwuds_entity_699
vwuds_5716	vwuds_entity_965
vwuds_0648	vwuds_entity_37
vwuds_0847	vwuds_entity_396
vwuds_1047	vwuds_entity_1132
vwuds_0595	vwuds_entity_1132
vwuds_0044	vwuds_entity_1796
vwuds_5458	vwuds_entity_1417
vwuds_10208	vwuds_entity_57
vwuds_5083	vwuds_entity_841
vwuds_0649	vwuds_entity_36
vwuds_0461	vwuds_entity_503
vwuds_5096	vwuds_entity_719
vwuds_5257	vwuds_entity_912
vwuds_0343	vwuds_entity_51
vwuds_0600	vwuds_entity_38
vwuds_0162	vwuds_entity_178
vwuds_1342	vwuds_entity_966
vwuds_10440	vwuds_entity_15160
vwuds_0110	vwuds_entity_1181
vwuds_1483	vwuds_entity_1250
vwuds_5508	vwuds_entity_1701
vwuds_10149	vwuds_entity_1860
vwuds_10077	vwuds_entity_1814
vwuds_1149	vwuds_entity_1320
vwuds_1674	vwuds_entity_1727
vwuds_5308	vwuds_entity_382
vwuds_10465	vwuds_entity_25108
vwuds_0004	vwuds_entity_1016
vwuds_0685	vwuds_entity_257
vwuds_5124	vwuds_entity_517
vwuds_0354	vwuds_entity_664
vwuds_5304	vwuds_entity_842
vwuds_1189	vwuds_entity_1633
vwuds_0588	vwuds_entity_253
vwuds_0549	vwuds_entity_299
vwuds_5710	vwuds_entity_961
vwuds_5483	vwuds_entity_388
vwuds_5351	vwuds_entity_532
vwuds_0341	vwuds_entity_258
vwuds_1264	vwuds_entity_1327
vwuds_10111	vwuds_entity_1845
vwuds_5805	vwuds_entity_1651
vwuds_0164	vwuds_entity_228
vwuds_5135	vwuds_entity_458
vwuds_5582	vwuds_entity_1173
vwuds_5645	vwuds_entity_1257
vwuds_0733	vwuds_entity_1629
vwuds_10133	vwuds_entity_57
vwuds_0172	vwuds_entity_429
vwuds_0768	vwuds_entity_948
vwuds_1958	vwuds_entity_688
vwuds_2089	vwuds_entity_229
vwuds_10038	vwuds_entity_312
vwuds_0178	vwuds_entity_712
vwuds_10312	vwuds_entity_3055
vwuds_5594	vwuds_entity_1612
vwuds_5763	vwuds_entity_1659
vwuds_0501	vwuds_entity_57
vwuds_0403	vwuds_entity_187
vwuds_0976	vwuds_entity_155
vwuds_0978	vwuds_entity_155
vwuds_10400	vwuds_entity_9333
vwuds_0460	vwuds_entity_503
vwuds_2222	vwuds_entity_504
vwuds_0799	vwuds_entity_519
vwuds_2011	vwuds_entity_503
vwuds_1698	vwuds_entity_728
vwuds_0253	vwuds_entity_735
vwuds_10475	vwuds_entity_25625
vwuds_1040	vwuds_entity_46
vwuds_1685	vwuds_entity_1727
vwuds_1125	vwuds_entity_8
vwuds_10331	vwuds_entity_3882
vwuds_0184	vwuds_entity_1019
vwuds_0131	vwuds_entity_1021
vwuds_0931	vwuds_entity_1025
vwuds_1742	vwuds_entity_1050
vwuds_5790	vwuds_entity_1071
vwuds_5491	vwuds_entity_415
vwuds_5019	vwuds_entity_439
vwuds_0478	vwuds_entity_490
vwuds_5056	vwuds_entity_1072
vwuds_10292	vwuds_entity_3052
vwuds_1814	vwuds_entity_1079
vwuds_1438	vwuds_entity_1081
vwuds_1772	vwuds_entity_217
vwuds_0660	vwuds_entity_967
vwuds_2083	vwuds_entity_1084
vwuds_10235	vwuds_entity_3015
vwuds_5168	vwuds_entity_1126
vwuds_0759	vwuds_entity_1132
vwuds_2220	vwuds_entity_1142
vwuds_0866	vwuds_entity_1143
vwuds_10196	vwuds_entity_1904
vwuds_5695	vwuds_entity_149
vwuds_10103	vwuds_entity_441
vwuds_5744	vwuds_entity_758
vwuds_10047	vwuds_entity_1076
vwuds_0466	vwuds_entity_1152
vwuds_10156	vwuds_entity_1866
vwuds_0791	vwuds_entity_1158
vwuds_0792	vwuds_entity_1158
vwuds_10430	vwuds_entity_13225
vwuds_5145	vwuds_entity_238
vwuds_10169	vwuds_entity_396
vwuds_5040	vwuds_entity_419
vwuds_1877	vwuds_entity_503
vwuds_0298	vwuds_entity_1167
vwuds_10389	vwuds_entity_8727
vwuds_10442	vwuds_entity_16500
vwuds_5417	vwuds_entity_1189
vwuds_5052	vwuds_entity_611
vwuds_10139	vwuds_entity_1851
vwuds_5106	vwuds_entity_813
vwuds_10290	vwuds_entity_3060
vwuds_5256	vwuds_entity_1233
vwuds_5571	vwuds_entity_1236
vwuds_5319	vwuds_entity_1240
vwuds_10224	vwuds_entity_57
vwuds_0133	vwuds_entity_1249
vwuds_5446	vwuds_entity_1259
vwuds_5798	vwuds_entity_1263
vwuds_5104	vwuds_entity_1266
vwuds_5159	vwuds_entity_844
vwuds_0040	vwuds_entity_1796
vwuds_0046	vwuds_entity_1796
vwuds_5242	vwuds_entity_1389
vwuds_1393	vwuds_entity_1392
vwuds_1289	vwuds_entity_1392
vwuds_5098	vwuds_entity_1398
vwuds_10326	vwuds_entity_3880
vwuds_5806	vwuds_entity_1413
vwuds_1120	vwuds_entity_33
vwuds_10099	vwuds_entity_2882
vwuds_5453	vwuds_entity_1414
vwuds_5074	vwuds_entity_1418
vwuds_5561	vwuds_entity_1429
vwuds_5570	vwuds_entity_1436
vwuds_10014	vwuds_entity_1441
vwuds_0223	vwuds_entity_1451
vwuds_0861	vwuds_entity_1452
vwuds_0411	vwuds_entity_252
vwuds_0213	vwuds_entity_1733
vwuds_5371	vwuds_entity_831
vwuds_1910	vwuds_entity_1629
vwuds_5318	vwuds_entity_878
vwuds_0552	vwuds_entity_515
vwuds_0221	vwuds_entity_522
vwuds_0228	vwuds_entity_1376
vwuds_1394	vwuds_entity_1392
vwuds_1006	vwuds_entity_1453
vwuds_1293	vwuds_entity_1455
vwuds_0489	vwuds_entity_1461
vwuds_5026	vwuds_entity_1485
vwuds_5887	vwuds_entity_1088
vwuds_5760	vwuds_entity_1176
vwuds_0702	vwuds_entity_1474
vwuds_1451	vwuds_entity_1520
vwuds_1729	vwuds_entity_1555
vwuds_5433	vwuds_entity_1555
vwuds_1455	vwuds_entity_1561
vwuds_5711	vwuds_entity_79
vwuds_5517	vwuds_entity_380
vwuds_10166	vwuds_entity_1889
vwuds_0227	vwuds_entity_1313
vwuds_0790	vwuds_entity_1842
vwuds_0706	vwuds_entity_1571
vwuds_0863	vwuds_entity_1452
vwuds_1227	vwuds_entity_1574
vwuds_1687	vwuds_entity_1576
vwuds_1348	vwuds_entity_1581
vwuds_1531	vwuds_entity_1606
vwuds_10422	vwuds_entity_12596
vwuds_0166	vwuds_entity_280
vwuds_0867	vwuds_entity_396
vwuds_0516	vwuds_entity_528
vwuds_1914	vwuds_entity_1629
vwuds_1908	vwuds_entity_1629
vwuds_1922	vwuds_entity_1629
vwuds_1909	vwuds_entity_1629
vwuds_0977	vwuds_entity_155
vwuds_0109	vwuds_entity_1098
vwuds_5313	vwuds_entity_1127
vwuds_1920	vwuds_entity_1629
vwuds_0878	vwuds_entity_1631
vwuds_0508	vwuds_entity_1639
vwuds_1992	vwuds_entity_1654
vwuds_5166	vwuds_entity_1666
vwuds_10395	vwuds_entity_8740
vwuds_5756	vwuds_entity_107
vwuds_5546	vwuds_entity_211
vwuds_5747	vwuds_entity_465
vwuds_5793	vwuds_entity_1125
vwuds_1684	vwuds_entity_1727
vwuds_10374	vwuds_entity_1727
vwuds_0471	vwuds_entity_18
vwuds_5390	vwuds_entity_21
vwuds_5463	vwuds_entity_39
vwuds_2283	vwuds_entity_1483
vwuds_10204	vwuds_entity_57
vwuds_1369	vwuds_entity_57
vwuds_10121	vwuds_entity_57
vwuds_1473	vwuds_entity_57
vwuds_10119	vwuds_entity_57
vwuds_5800	vwuds_entity_390
vwuds_1695	vwuds_entity_201
vwuds_5270	vwuds_entity_715
vwuds_0224	vwuds_entity_57
vwuds_10202	vwuds_entity_57
vwuds_10306	vwuds_entity_57
vwuds_10126	vwuds_entity_57
vwuds_10423	vwuds_entity_12619
vwuds_0526	vwuds_entity_1054
vwuds_0753	vwuds_entity_1132
vwuds_10314	vwuds_entity_57
vwuds_10221	vwuds_entity_57
vwuds_0950	vwuds_entity_57
vwuds_0913	vwuds_entity_1735
vwuds_5650	vwuds_entity_248
vwuds_5386	vwuds_entity_725
vwuds_1991	vwuds_entity_57
vwuds_10117	vwuds_entity_57
vwuds_10115	vwuds_entity_57
vwuds_5474	vwuds_entity_3
vwuds_10135	vwuds_entity_57
vwuds_5014	vwuds_entity_70
vwuds_1493	vwuds_entity_65
vwuds_5191	vwuds_entity_578
vwuds_1967	vwuds_entity_601
vwuds_1826	vwuds_entity_1114
vwuds_5789	vwuds_entity_549
vwuds_5405	vwuds_entity_231
vwuds_10327	vwuds_entity_3876
vwuds_1885	vwuds_entity_1054
vwuds_1802	vwuds_entity_1152
vwuds_0467	vwuds_entity_1167
vwuds_1497	vwuds_entity_1456
vwuds_1248	vwuds_entity_57
vwuds_1888	vwuds_entity_832
vwuds_2007	vwuds_entity_1439
vwuds_1691	vwuds_entity_103
vwuds_0521	vwuds_entity_106
vwuds_1856	vwuds_entity_122
vwuds_0725	vwuds_entity_123
vwuds_0544	vwuds_entity_125
vwuds_5235	vwuds_entity_1421
vwuds_0939	vwuds_entity_1629
vwuds_1900	vwuds_entity_1629
vwuds_0497	vwuds_entity_57
vwuds_1842	vwuds_entity_131
vwuds_0875	vwuds_entity_131
vwuds_0568	vwuds_entity_137
vwuds_0545	vwuds_entity_138
vwuds_0917	vwuds_entity_141
vwuds_1045	vwuds_entity_151
vwuds_0998	vwuds_entity_160
vwuds_10322	vwuds_entity_3039
vwuds_10421	vwuds_entity_12593
vwuds_0714	vwuds_entity_165
vwuds_5299	vwuds_entity_170
vwuds_5881	vwuds_entity_786
vwuds_1388	vwuds_entity_57
vwuds_10179	vwuds_entity_219
vwuds_2131	vwuds_entity_219
vwuds_5017	vwuds_entity_242
vwuds_5832	vwuds_entity_868
vwuds_5058	vwuds_entity_1000
vwuds_0339	vwuds_entity_259
vwuds_1859	vwuds_entity_261
vwuds_5617	vwuds_entity_568
vwuds_5411	vwuds_entity_1219
vwuds_0259	vwuds_entity_176
vwuds_10354	vwuds_entity_6201
vwuds_1757	vwuds_entity_325
vwuds_0610	vwuds_entity_329
vwuds_1123	vwuds_entity_330
vwuds_1606	vwuds_entity_350
vwuds_5392	vwuds_entity_721
vwuds_5516	vwuds_entity_1063
vwuds_5649	vwuds_entity_369
vwuds_5511	vwuds_entity_371
vwuds_1432	vwuds_entity_384
vwuds_1128	vwuds_entity_385
vwuds_5266	vwuds_entity_386
vwuds_10432	vwuds_entity_13228
vwuds_5090	vwuds_entity_422
vwuds_5068	vwuds_entity_423
vwuds_10425	vwuds_entity_12603
vwuds_0550	vwuds_entity_425
vwuds_1322	vwuds_entity_431
vwuds_5420	vwuds_entity_434
vwuds_1381	vwuds_entity_57
vwuds_5250	vwuds_entity_476
vwuds_0512	vwuds_entity_493
vwuds_5170	vwuds_entity_530
vwuds_5424	vwuds_entity_364
vwuds_2071	vwuds_entity_659
vwuds_5643	vwuds_entity_850
vwuds_1717	vwuds_entity_905
vwuds_5512	vwuds_entity_236
vwuds_0812	vwuds_entity_553
vwuds_1416	vwuds_entity_557
vwuds_0553	vwuds_entity_558
vwuds_5471	vwuds_entity_564
vwuds_5060	vwuds_entity_353
vwuds_5097	vwuds_entity_381
vwuds_0047	vwuds_entity_1796
vwuds_1846	vwuds_entity_206
vwuds_5365	vwuds_entity_580
vwuds_5607	vwuds_entity_585
vwuds_5038	vwuds_entity_606
vwuds_1807	vwuds_entity_324
vwuds_1943	vwuds_entity_1212
vwuds_10222	vwuds_entity_57
vwuds_0169	vwuds_entity_299
vwuds_0381	vwuds_entity_662
vwuds_0062	vwuds_entity_670
vwuds_10352	vwuds_entity_6190
vwuds_2165	vwuds_entity_155
vwuds_10053	vwuds_entity_1778
vwuds_3001	vwuds_entity_680
vwuds_0749	vwuds_entity_686
vwuds_1803	vwuds_entity_740
vwuds_5862	vwuds_entity_1534
vwuds_0802	vwuds_entity_22
vwuds_5195	vwuds_entity_821
vwuds_2078	vwuds_entity_57
vwuds_10227	vwuds_entity_57
vwuds_5830	vwuds_entity_375
vwuds_1533	vwuds_entity_686
vwuds_0957	vwuds_entity_686
vwuds_10412	vwuds_entity_11597
vwuds_5730	vwuds_entity_604
vwuds_5698	vwuds_entity_668
vwuds_0088	vwuds_entity_553
vwuds_0177	vwuds_entity_703
vwuds_0498	vwuds_entity_705
vwuds_10349	vwuds_entity_6191
vwuds_10414	vwuds_entity_11598
vwuds_10478	vwuds_entity_25934
vwuds_5778	vwuds_entity_718
vwuds_10182	vwuds_entity_1882
vwuds_1038	vwuds_entity_427
vwuds_5219	vwuds_entity_212
vwuds_1412	vwuds_entity_497
vwuds_5018	vwuds_entity_736
vwuds_0116	vwuds_entity_741
vwuds_2091	vwuds_entity_742
vwuds_10460	vwuds_entity_24969
vwuds_0003	vwuds_entity_405
vwuds_1055	vwuds_entity_500
vwuds_5218	vwuds_entity_771
vwuds_5281	vwuds_entity_773
vwuds_5094	vwuds_entity_1365
vwuds_5133	vwuds_entity_776
vwuds_5132	vwuds_entity_776
vwuds_5229	vwuds_entity_779
vwuds_1061	vwuds_entity_1336
vwuds_1912	vwuds_entity_1629
vwuds_0570	vwuds_entity_1721
vwuds_2285	vwuds_entity_88
vwuds_5398	vwuds_entity_780
vwuds_5764	vwuds_entity_457
vwuds_5658	vwuds_entity_781
vwuds_5781	vwuds_entity_790
vwuds_5644	vwuds_entity_790
vwuds_5314	vwuds_entity_791
vwuds_0853	vwuds_entity_795
vwuds_0854	vwuds_entity_795
vwuds_5015	vwuds_entity_823
vwuds_5878	vwuds_entity_823
vwuds_0023	vwuds_entity_202
vwuds_5059	vwuds_entity_282
vwuds_5702	vwuds_entity_960
vwuds_1077	vwuds_entity_1386
vwuds_10142	vwuds_entity_1854
vwuds_5306	vwuds_entity_393
vwuds_2195	vwuds_entity_503
vwuds_0117	vwuds_entity_1187
vwuds_5537	vwuds_entity_1582
vwuds_5383	vwuds_entity_824
vwuds_10474	vwuds_entity_25496
vwuds_5337	vwuds_entity_830
vwuds_5202	vwuds_entity_837
vwuds_5637	vwuds_entity_839
vwuds_10342	vwuds_entity_4821
vwuds_10303	vwuds_entity_57
vwuds_10216	vwuds_entity_57
vwuds_10388	vwuds_entity_8722
vwuds_2015	vwuds_entity_760
vwuds_5226	vwuds_entity_1073
vwuds_1168	vwuds_entity_1087
vwuds_10373	vwuds_entity_6966
vwuds_5633	vwuds_entity_609
vwuds_5418	vwuds_entity_784
vwuds_0722	vwuds_entity_1335
vwuds_1136	vwuds_entity_1537
vwuds_10350	vwuds_entity_6192
vwuds_5277	vwuds_entity_860
vwuds_5721	vwuds_entity_865
vwuds_5099	vwuds_entity_867
vwuds_0883	vwuds_entity_48
vwuds_5326	vwuds_entity_447
vwuds_1891	vwuds_entity_1629
vwuds_5197	vwuds_entity_247
vwuds_0234	vwuds_entity_1737
vwuds_10300	vwuds_entity_57
vwuds_5791	vwuds_entity_792
vwuds_5876	vwuds_entity_869
vwuds_10463	vwuds_entity_25108
vwuds_10207	vwuds_entity_57
vwuds_5119	vwuds_entity_869
vwuds_5845	vwuds_entity_892
vwuds_5858	vwuds_entity_892
vwuds_10234	vwuds_entity_892
vwuds_5852	vwuds_entity_892
vwuds_5853	vwuds_entity_892
vwuds_10198	vwuds_entity_892
vwuds_5022	vwuds_entity_899
vwuds_0638	vwuds_entity_201
vwuds_2194	vwuds_entity_503
vwuds_5431	vwuds_entity_633
vwuds_10281	vwuds_entity_3049
vwuds_5407	vwuds_entity_1013
vwuds_5521	vwuds_entity_145
vwuds_5164	vwuds_entity_320
vwuds_5768	vwuds_entity_1444
vwuds_0017	vwuds_entity_907
vwuds_5795	vwuds_entity_916
vwuds_5755	vwuds_entity_920
vwuds_5562	vwuds_entity_923
vwuds_10403	vwuds_entity_9475
vwuds_1010	vwuds_entity_1361
vwuds_5648	vwuds_entity_1415
vwuds_10178	vwuds_entity_1884
vwuds_0263	vwuds_entity_938
vwuds_1762	vwuds_entity_944
vwuds_0769	vwuds_entity_949
vwuds_5227	vwuds_entity_950
vwuds_5061	vwuds_entity_951
vwuds_1944	vwuds_entity_1152
vwuds_0206	vwuds_entity_1261
vwuds_1192	vwuds_entity_57
vwuds_10466	vwuds_entity_25245
vwuds_1099	vwuds_entity_650
vwuds_5232	vwuds_entity_995
vwuds_5108	vwuds_entity_1688
vwuds_1196	vwuds_entity_57
vwuds_5731	vwuds_entity_964
vwuds_5082	vwuds_entity_971
vwuds_1651	vwuds_entity_978
vwuds_5406	vwuds_entity_982
vwuds_1349	vwuds_entity_986
vwuds_10278	vwuds_entity_3051
vwuds_5759	vwuds_entity_277
vwuds_10063	vwuds_entity_1779
vwuds_5013	vwuds_entity_1779
vwuds_2018	vwuds_entity_990
vwuds_0476	vwuds_entity_993
vwuds_10214	vwuds_entity_57
vwuds_5676	vwuds_entity_535
vwuds_5724	vwuds_entity_759
vwuds_0793	vwuds_entity_949
vwuds_1135	vwuds_entity_1012
vwuds_10382	vwuds_entity_8430
vwuds_0893	vwuds_entity_1023
vwuds_10215	vwuds_entity_57
vwuds_5579	vwuds_entity_731
vwuds_0899	vwuds_entity_1023
vwuds_0895	vwuds_entity_1023
vwuds_5029	vwuds_entity_1026
vwuds_5030	vwuds_entity_1027
vwuds_5112	vwuds_entity_851
vwuds_0591	vwuds_entity_169
vwuds_5412	vwuds_entity_434
vwuds_0514	vwuds_entity_933
vwuds_0242	vwuds_entity_1740
vwuds_5065	vwuds_entity_1200
vwuds_1471	vwuds_entity_1522
vwuds_0470	vwuds_entity_18
vwuds_0248	vwuds_entity_1740
vwuds_0241	vwuds_entity_1740
vwuds_0975	vwuds_entity_1057
vwuds_0810	vwuds_entity_24
vwuds_0846	vwuds_entity_1479
vwuds_1740	vwuds_entity_57
vwuds_10125	vwuds_entity_57
vwuds_0153	vwuds_entity_871
vwuds_0935	vwuds_entity_1057
vwuds_0330	vwuds_entity_1060
vwuds_5513	vwuds_entity_245
vwuds_0422	vwuds_entity_1065
vwuds_5525	vwuds_entity_1091
vwuds_5799	vwuds_entity_321
vwuds_5661	vwuds_entity_976
vwuds_1620	vwuds_entity_1150
vwuds_0874	vwuds_entity_131
vwuds_2052	vwuds_entity_88
vwuds_1771	vwuds_entity_637
vwuds_5890	vwuds_entity_1101
vwuds_5395	vwuds_entity_1102
vwuds_0134	vwuds_entity_643
vwuds_1398	vwuds_entity_339
vwuds_0140	vwuds_entity_1118
vwuds_10357	vwuds_entity_6204
vwuds_1707	vwuds_entity_1149
vwuds_5434	vwuds_entity_1161
vwuds_5468	vwuds_entity_209
vwuds_2178	vwuds_entity_395
vwuds_0509	vwuds_entity_623
vwuds_2127	vwuds_entity_1515
vwuds_0598	vwuds_entity_103
vwuds_5880	vwuds_entity_892
vwuds_5627	vwuds_entity_1169
vwuds_5378	vwuds_entity_1171
vwuds_5657	vwuds_entity_1190
vwuds_10089	vwuds_entity_441
vwuds_1332	vwuds_entity_511
vwuds_5426	vwuds_entity_573
vwuds_5729	vwuds_entity_319
vwuds_5422	vwuds_entity_434
vwuds_1733	vwuds_entity_612
vwuds_5542	vwuds_entity_1194
vwuds_0537	vwuds_entity_760
vwuds_1188	vwuds_entity_1554
vwuds_0809	vwuds_entity_1697
vwuds_10275	vwuds_entity_3051
vwuds_10165	vwuds_entity_1876
vwuds_5536	vwuds_entity_1201
vwuds_1682	vwuds_entity_1204
vwuds_10355	vwuds_entity_6207
vwuds_0262	vwuds_entity_1209
vwuds_10181	vwuds_entity_1882
vwuds_10030	vwuds_entity_1781
vwuds_2169	vwuds_entity_1370
vwuds_0108	vwuds_entity_1218
vwuds_1876	vwuds_entity_1221
vwuds_0410	vwuds_entity_1224
vwuds_2215	vwuds_entity_1224
vwuds_0937	vwuds_entity_57
vwuds_0154	vwuds_entity_411
vwuds_0806	vwuds_entity_1247
vwuds_0095	vwuds_entity_1247
vwuds_1720	vwuds_entity_891
vwuds_1776	vwuds_entity_1396
vwuds_5835	vwuds_entity_1672
vwuds_0273	vwuds_entity_1155
vwuds_5467	vwuds_entity_1286
vwuds_10452	vwuds_entity_24689
vwuds_10450	vwuds_entity_24690
vwuds_5011	vwuds_entity_1304
vwuds_1121	vwuds_entity_1306
vwuds_0921	vwuds_entity_155
vwuds_2004	vwuds_entity_1273
vwuds_5430	vwuds_entity_1305
vwuds_5004	vwuds_entity_1309
vwuds_1763	vwuds_entity_1311
vwuds_0715	vwuds_entity_1314
vwuds_5514	vwuds_entity_1339
vwuds_5360	vwuds_entity_579
vwuds_5889	vwuds_entity_586
vwuds_5369	vwuds_entity_434
vwuds_10409	vwuds_entity_10978
vwuds_2209	vwuds_entity_1350
vwuds_2189	vwuds_entity_1350
vwuds_1437	vwuds_entity_1352
vwuds_5425	vwuds_entity_543
vwuds_0941	vwuds_entity_1629
vwuds_1917	vwuds_entity_1629
vwuds_1926	vwuds_entity_1629
vwuds_10455	vwuds_entity_24691
vwuds_10299	vwuds_entity_3062
vwuds_0114	vwuds_entity_1372
vwuds_0193	vwuds_entity_1373
vwuds_1715	vwuds_entity_751
vwuds_2217	vwuds_entity_57
vwuds_0947	vwuds_entity_103
vwuds_1475	vwuds_entity_108
vwuds_5518	vwuds_entity_469
vwuds_2123	vwuds_entity_605
vwuds_0680	vwuds_entity_1454
vwuds_2246	vwuds_entity_57
vwuds_10304	vwuds_entity_57
vwuds_10116	vwuds_entity_57
vwuds_5529	vwuds_entity_191
vwuds_5452	vwuds_entity_485
vwuds_5588	vwuds_entity_531
vwuds_10328	vwuds_entity_3875
vwuds_10379	vwuds_entity_8415
vwuds_1161	vwuds_entity_1378
vwuds_1334	vwuds_entity_1384
vwuds_2112	vwuds_entity_1390
vwuds_0102	vwuds_entity_73
vwuds_0128	vwuds_entity_428
vwuds_0969	vwuds_entity_686
vwuds_5504	vwuds_entity_810
vwuds_0097	vwuds_entity_1247
vwuds_5001	vwuds_entity_1423
vwuds_0824	vwuds_entity_1396
vwuds_1851	vwuds_entity_1215
vwuds_1268	vwuds_entity_1426
vwuds_2037	vwuds_entity_1431
vwuds_10340	vwuds_entity_3953
vwuds_10316	vwuds_entity_3064
vwuds_10402	vwuds_entity_9478
vwuds_10201	vwuds_entity_1903
vwuds_5573	vwuds_entity_225
vwuds_5719	vwuds_entity_297
vwuds_5602	vwuds_entity_1196
vwuds_5892	vwuds_entity_1446
vwuds_1199	vwuds_entity_1471
vwuds_5482	vwuds_entity_1494
vwuds_1680	vwuds_entity_967
vwuds_1778	vwuds_entity_1697
vwuds_5391	vwuds_entity_105
vwuds_5855	vwuds_entity_892
vwuds_1927	vwuds_entity_1507
vwuds_2074	vwuds_entity_1507
vwuds_1277	vwuds_entity_1507
vwuds_2076	vwuds_entity_1507
vwuds_1286	vwuds_entity_1507
vwuds_2113	vwuds_entity_234
vwuds_0511	vwuds_entity_494
vwuds_5679	vwuds_entity_691
vwuds_5707	vwuds_entity_1036
vwuds_1276	vwuds_entity_1507
vwuds_1700	vwuds_entity_1514
vwuds_0884	vwuds_entity_1521
vwuds_2141	vwuds_entity_1152
vwuds_1955	vwuds_entity_1727
vwuds_10027	vwuds_entity_1888
vwuds_10347	vwuds_entity_4847
vwuds_2119	vwuds_entity_1531
vwuds_0704	vwuds_entity_1539
vwuds_0252	vwuds_entity_1542
vwuds_1081	vwuds_entity_1544
vwuds_0788	vwuds_entity_267
vwuds_0634	vwuds_entity_438
vwuds_1939	vwuds_entity_1727
vwuds_2014	vwuds_entity_1747
vwuds_2088	vwuds_entity_1569
vwuds_0994	vwuds_entity_1575
vwuds_0340	vwuds_entity_260
vwuds_5736	vwuds_entity_726
vwuds_0089	vwuds_entity_1375
vwuds_0087	vwuds_entity_73
vwuds_10109	vwuds_entity_1888
vwuds_2090	vwuds_entity_1580
vwuds_1347	vwuds_entity_1580
vwuds_0814	vwuds_entity_664
vwuds_0244	vwuds_entity_992
vwuds_1392	vwuds_entity_1580
vwuds_1424	vwuds_entity_1580
vwuds_0796	vwuds_entity_1377
vwuds_5317	vwuds_entity_1131
vwuds_10456	vwuds_entity_24848
vwuds_5725	vwuds_entity_1592
vwuds_5356	vwuds_entity_1595
vwuds_5797	vwuds_entity_1599
vwuds_0484	vwuds_entity_1600
vwuds_1841	vwuds_entity_1603
vwuds_0773	vwuds_entity_642
vwuds_1886	vwuds_entity_1054
vwuds_1993	vwuds_entity_1132
vwuds_0705	vwuds_entity_1556
vwuds_0659	vwuds_entity_322
vwuds_5566	vwuds_entity_1116
vwuds_0249	vwuds_entity_1022
vwuds_1675	vwuds_entity_1727
vwuds_1901	vwuds_entity_1629
vwuds_10226	vwuds_entity_57
vwuds_5554	vwuds_entity_687
vwuds_10152	vwuds_entity_1862
vwuds_0530	vwuds_entity_1477
vwuds_0024	vwuds_entity_1625
vwuds_1041	vwuds_entity_46
vwuds_5623	vwuds_entity_722
vwuds_5875	vwuds_entity_1001
vwuds_2043	vwuds_entity_1335
vwuds_5686	vwuds_entity_456
vwuds_5587	vwuds_entity_1428
vwuds_0903	vwuds_entity_332
vwuds_0488	vwuds_entity_1461
vwuds_0669	vwuds_entity_1467
vwuds_2039	vwuds_entity_88
vwuds_5023	vwuds_entity_1779
vwuds_1706	vwuds_entity_1553
vwuds_5758	vwuds_entity_148
vwuds_5552	vwuds_entity_466
vwuds_1401	vwuds_entity_572
vwuds_10025	vwuds_entity_88
vwuds_1137	vwuds_entity_969
vwuds_5700	vwuds_entity_1658
vwuds_5325	vwuds_entity_121
vwuds_10087	vwuds_entity_441
vwuds_1874	vwuds_entity_503
vwuds_0827	vwuds_entity_796
vwuds_1942	vwuds_entity_1249
vwuds_0843	vwuds_entity_87
vwuds_0984	vwuds_entity_230
vwuds_1704	vwuds_entity_103
vwuds_0007	vwuds_own_0007
vwuds_0124	vwuds_entity_318
vwuds_5379	vwuds_entity_417
vwuds_5010	vwuds_entity_822
vwuds_5307	vwuds_entity_1689
vwuds_0721	vwuds_entity_709
vwuds_0738	vwuds_entity_1278
vwuds_0296	vwuds_entity_1600
vwuds_2286	vwuds_entity_1685
vwuds_1321	vwuds_entity_432
vwuds_5310	vwuds_entity_1127
vwuds_0481	vwuds_entity_1355
vwuds_5735	vwuds_entity_1485
vwuds_0890	vwuds_entity_1718
vwuds_5252	vwuds_entity_706
vwuds_0459	vwuds_entity_1738
vwuds_0564	vwuds_entity_1396
vwuds_5447	vwuds_entity_1676
vwuds_0829	vwuds_entity_1719
vwuds_5826	vwuds_entity_1722
vwuds_0990	vwuds_entity_556
vwuds_10146	vwuds_entity_1856
vwuds_0477	vwuds_entity_1167
vwuds_0717	vwuds_entity_1374
vwuds_10284	vwuds_entity_57
vwuds_0888	vwuds_entity_1560
vwuds_2099	vwuds_entity_1724
vwuds_1828	vwuds_entity_898
vwuds_10199	vwuds_entity_1902
vwuds_5614	vwuds_entity_1679
vwuds_0647	vwuds_entity_1023
vwuds_1067	vwuds_entity_1533
vwuds_5072	vwuds_entity_1695
vwuds_10288	vwuds_entity_3057
vwuds_1683	vwuds_entity_1204
vwuds_0640	vwuds_entity_201
vwuds_5103	vwuds_entity_301
vwuds_0299	vwuds_entity_342
vwuds_10088	vwuds_entity_2882
vwuds_0710	vwuds_entity_426
vwuds_10100	vwuds_entity_441
vwuds_5691	vwuds_entity_478
vwuds_0707	vwuds_entity_496
vwuds_10383	vwuds_entity_8718
vwuds_5358	vwuds_entity_575
vwuds_5261	vwuds_entity_577
vwuds_0113	vwuds_entity_581
vwuds_5187	vwuds_entity_591
vwuds_0836	vwuds_entity_644
vwuds_2048	vwuds_entity_661
vwuds_1747	vwuds_entity_664
vwuds_5480	vwuds_entity_673
vwuds_1415	vwuds_entity_675
vwuds_2231	vwuds_entity_682
vwuds_0334	vwuds_entity_682
vwuds_1995	vwuds_entity_743
vwuds_5584	vwuds_entity_756
vwuds_5492	vwuds_entity_818
vwuds_5556	vwuds_entity_828
vwuds_5366	vwuds_entity_863
vwuds_10476	vwuds_entity_25686
vwuds_5639	vwuds_entity_870
vwuds_1446	vwuds_entity_879
vwuds_10043	vwuds_entity_893
vwuds_5064	vwuds_entity_113
vwuds_0216	vwuds_entity_934
vwuds_5697	vwuds_entity_940
vwuds_5020	vwuds_entity_983
vwuds_1057	vwuds_entity_998
vwuds_1883	vwuds_entity_1054
vwuds_0754	vwuds_entity_1068
vwuds_10076	vwuds_entity_1813
vwuds_0294	vwuds_entity_1152
vwuds_0496	vwuds_entity_1152
vwuds_0701	vwuds_entity_1203
vwuds_10293	vwuds_entity_3058
vwuds_1768	vwuds_entity_1268
vwuds_5742	vwuds_entity_1271
vwuds_5093	vwuds_entity_1291
vwuds_0122	vwuds_entity_1312
vwuds_1806	vwuds_entity_1356
vwuds_0303	vwuds_entity_1359
vwuds_10324	vwuds_entity_1359
vwuds_10358	vwuds_entity_6208
vwuds_0834	vwuds_entity_1385
vwuds_10107	vwuds_entity_1796
vwuds_0050	vwuds_entity_1796
vwuds_0490	vwuds_entity_1461
vwuds_0475	vwuds_entity_1461
vwuds_1030	vwuds_entity_1463
vwuds_1031	vwuds_entity_1463
vwuds_1032	vwuds_entity_1463
vwuds_1935	vwuds_entity_1511
vwuds_10210	vwuds_entity_57
vwuds_10189	vwuds_entity_1626
vwuds_1946	vwuds_entity_1629
vwuds_1897	vwuds_entity_1629
vwuds_0919	vwuds_entity_1629
vwuds_1894	vwuds_entity_1629
vwuds_10127	vwuds_entity_57
vwuds_5553	vwuds_entity_400
vwuds_1838	vwuds_entity_1697
vwuds_0093	vwuds_entity_1707
vwuds_1987	vwuds_entity_1838
vwuds_0203	vwuds_entity_1749
vwuds_5548	vwuds_entity_1711
vwuds_5278	vwuds_entity_1713
vwuds_1355	vwuds_entity_1726
vwuds_10237	vwuds_entity_2259
vwuds_2019	vwuds_entity_1727
vwuds_0825	vwuds_entity_1727
vwuds_1973	vwuds_entity_1727
vwuds_2080	vwuds_entity_1727
vwuds_0623	vwuds_entity_22
vwuds_10298	vwuds_entity_3031
vwuds_5217	vwuds_entity_43
vwuds_5672	vwuds_entity_45
vwuds_1464	vwuds_entity_57
vwuds_1850	vwuds_entity_57
vwuds_10228	vwuds_entity_57
vwuds_0943	vwuds_entity_57
vwuds_10128	vwuds_entity_57
vwuds_10136	vwuds_entity_57
vwuds_0945	vwuds_entity_57
vwuds_10130	vwuds_entity_57
vwuds_10118	vwuds_entity_57
vwuds_10223	vwuds_entity_57
vwuds_1251	vwuds_entity_57
vwuds_1387	vwuds_entity_57
vwuds_10209	vwuds_entity_57
vwuds_1382	vwuds_entity_57
vwuds_1367	vwuds_entity_57
vwuds_10305	vwuds_entity_57
vwuds_1406	vwuds_entity_206
vwuds_1386	vwuds_entity_57
vwuds_1195	vwuds_entity_57
vwuds_1389	vwuds_entity_57
vwuds_1530	vwuds_entity_57
vwuds_1983	vwuds_entity_73
vwuds_5829	vwuds_entity_82
vwuds_2040	vwuds_entity_88
vwuds_5583	vwuds_entity_97
vwuds_5867	vwuds_entity_508
vwuds_1678	vwuds_entity_100
vwuds_1689	vwuds_entity_103
vwuds_5036	vwuds_entity_807
vwuds_5438	vwuds_entity_422
vwuds_0217	vwuds_entity_165
vwuds_5131	vwuds_entity_174
vwuds_0556	vwuds_entity_177
vwuds_1755	vwuds_entity_178
vwuds_0390	vwuds_entity_180
vwuds_5498	vwuds_entity_183
vwuds_1142	vwuds_entity_197
vwuds_5754	vwuds_entity_199
vwuds_1872	vwuds_entity_206
vwuds_1847	vwuds_entity_206
vwuds_1408	vwuds_entity_206
vwuds_5669	vwuds_entity_214
vwuds_1224	vwuds_entity_223
vwuds_0416	vwuds_entity_249
vwuds_1760	vwuds_entity_250
vwuds_0587	vwuds_entity_253
vwuds_0676	vwuds_entity_256
vwuds_0344	vwuds_entity_259
vwuds_2117	vwuds_entity_268
vwuds_10375	vwuds_entity_8272
vwuds_10427	vwuds_entity_12601
vwuds_5528	vwuds_entity_274
vwuds_5454	vwuds_entity_279
vwuds_5400	vwuds_entity_287
vwuds_5575	vwuds_entity_72
vwuds_5414	vwuds_entity_296
vwuds_1200	vwuds_entity_313
vwuds_0656	vwuds_entity_322
vwuds_10471	vwuds_entity_25407
vwuds_5394	vwuds_entity_367
vwuds_5519	vwuds_entity_392
vwuds_5031	vwuds_entity_397
vwuds_2122	vwuds_entity_402
vwuds_2197	vwuds_entity_405
vwuds_2032	vwuds_entity_413
vwuds_5402	vwuds_entity_417
vwuds_5413	vwuds_entity_434
vwuds_5368	vwuds_entity_434
vwuds_2242	vwuds_entity_442
vwuds_0500	vwuds_entity_461
vwuds_5752	vwuds_entity_471
vwuds_0027	vwuds_entity_472
vwuds_1413	vwuds_entity_497
vwuds_1719	vwuds_entity_498
vwuds_0469	vwuds_entity_499
vwuds_1759	vwuds_entity_501
vwuds_10140	vwuds_entity_1853
vwuds_10360	vwuds_entity_6202
vwuds_5200	vwuds_entity_536
vwuds_0302	vwuds_entity_546
vwuds_1830	vwuds_entity_547
vwuds_0831	vwuds_entity_552
vwuds_5397	vwuds_entity_576
vwuds_0444	vwuds_entity_615
vwuds_5389	vwuds_entity_616
vwuds_5344	vwuds_entity_834
vwuds_1362	vwuds_entity_622
vwuds_0218	vwuds_entity_627
vwuds_10370	vwuds_entity_7567
vwuds_0398	vwuds_entity_638
vwuds_1026	vwuds_entity_640
vwuds_2029	vwuds_entity_654
vwuds_0021	vwuds_entity_655
vwuds_0658	vwuds_entity_686
vwuds_2107	vwuds_entity_686
vwuds_0751	vwuds_entity_686
vwuds_0750	vwuds_entity_686
vwuds_0959	vwuds_entity_686
vwuds_1478	vwuds_entity_686
vwuds_1853	vwuds_entity_686
vwuds_5152	vwuds_entity_696
vwuds_10443	vwuds_entity_16497
vwuds_10232	vwuds_entity_1975
vwuds_0143	vwuds_entity_700
vwuds_0963	vwuds_entity_701
vwuds_5305	vwuds_entity_1593
vwuds_10042	vwuds_entity_732
vwuds_0909	vwuds_entity_746
vwuds_5435	vwuds_entity_752
vwuds_5611	vwuds_entity_757
vwuds_5160	vwuds_entity_763
vwuds_5236	vwuds_entity_845
vwuds_10163	vwuds_entity_1872
vwuds_5814	vwuds_entity_881
vwuds_10329	vwuds_entity_3877
vwuds_0239	vwuds_entity_885
vwuds_5854	vwuds_entity_892
vwuds_5016	vwuds_entity_903
vwuds_5699	vwuds_entity_926
vwuds_1422	vwuds_entity_931
vwuds_1421	vwuds_entity_932
vwuds_1474	vwuds_entity_935
vwuds_10343	vwuds_entity_4837
vwuds_0183	vwuds_entity_962
vwuds_5675	vwuds_entity_994
vwuds_10407	vwuds_entity_10974
vwuds_10320	vwuds_entity_3050
vwuds_1400	vwuds_entity_1003
vwuds_2290	vwuds_entity_1003
vwuds_0266	vwuds_entity_1739
vwuds_10289	vwuds_entity_3034
vwuds_0901	vwuds_entity_1023
vwuds_10341	vwuds_entity_4822
vwuds_10376	vwuds_entity_8274
vwuds_5708	vwuds_entity_1033
vwuds_0132	vwuds_entity_1044
vwuds_5703	vwuds_entity_1045
vwuds_5690	vwuds_entity_1593
vwuds_0681	vwuds_entity_1065
vwuds_1108	vwuds_entity_1065
vwuds_10061	vwuds_entity_1791
vwuds_1186	vwuds_entity_1077
vwuds_10285	vwuds_entity_3053
vwuds_0559	vwuds_entity_1080
vwuds_1831	vwuds_entity_1082
vwuds_1442	vwuds_entity_1083
vwuds_1436	vwuds_entity_1085
vwuds_0833	vwuds_entity_1086
vwuds_0933	vwuds_entity_1089
vwuds_10445	vwuds_entity_22571
vwuds_5144	vwuds_entity_1109
vwuds_0186	vwuds_entity_1115
vwuds_0577	vwuds_entity_1135
vwuds_0187	vwuds_entity_1135
vwuds_0865	vwuds_entity_1144
vwuds_2208	vwuds_entity_1144
vwuds_0730	vwuds_entity_1145
vwuds_10187	vwuds_entity_1875
vwuds_0724	vwuds_entity_1145
vwuds_10197	vwuds_entity_26205
vwuds_1811	vwuds_entity_1153
vwuds_10437	vwuds_entity_15154
vwuds_0474	vwuds_entity_1157
vwuds_10364	vwuds_entity_6637
vwuds_5134	vwuds_entity_1166
vwuds_10406	vwuds_entity_10977
vwuds_10338	vwuds_entity_6664
vwuds_10448	vwuds_entity_22577
vwuds_0818	vwuds_entity_1213
vwuds_10309	vwuds_entity_3059
vwuds_5773	vwuds_entity_1709
vwuds_1312	vwuds_entity_1224
vwuds_5586	vwuds_entity_1228
vwuds_5677	vwuds_entity_1234
vwuds_5370	vwuds_entity_1237
vwuds_0096	vwuds_entity_1247
vwuds_1134	vwuds_entity_1251
vwuds_0643	vwuds_entity_1252
vwuds_5047	vwuds_entity_1262
vwuds_5869	vwuds_entity_1269
vwuds_10462	vwuds_entity_25104
vwuds_0739	vwuds_entity_1278
vwuds_0736	vwuds_entity_1278
vwuds_0194	vwuds_entity_1279
vwuds_5055	vwuds_entity_1321
vwuds_0761	vwuds_entity_1331
vwuds_1315	vwuds_entity_666
vwuds_5361	vwuds_entity_754
vwuds_1346	vwuds_entity_1337
vwuds_10175	vwuds_entity_1890
vwuds_1230	vwuds_entity_1347
vwuds_5110	vwuds_entity_1362
vwuds_0815	vwuds_entity_1366
vwuds_0268	vwuds_entity_1745
vwuds_5429	vwuds_entity_1369
vwuds_10319	vwuds_entity_3063
vwuds_10468	vwuds_entity_25248
vwuds_5685	vwuds_entity_1416
vwuds_10213	vwuds_entity_57
vwuds_10334	vwuds_entity_3924
vwuds_10436	vwuds_entity_15155
vwuds_10148	vwuds_entity_1859
vwuds_0260	vwuds_entity_1472
vwuds_0531	vwuds_entity_1841
vwuds_0251	vwuds_entity_1487
vwuds_0135	vwuds_entity_1490
vwuds_5563	vwuds_entity_1496
vwuds_0855	vwuds_entity_1521
vwuds_0243	vwuds_entity_1526
vwuds_1702	vwuds_entity_1553
vwuds_1479	vwuds_entity_1567
vwuds_0229	vwuds_entity_1577
vwuds_1535	vwuds_entity_1579
vwuds_1536	vwuds_entity_1579
vwuds_1397	vwuds_entity_1580
vwuds_2291	vwuds_entity_1580
vwuds_1990	vwuds_entity_1580
vwuds_1781	vwuds_entity_1580
vwuds_10050	vwuds_entity_1776
vwuds_5626	vwuds_entity_1583
vwuds_5271	vwuds_entity_1585
vwuds_5601	vwuds_entity_1588
vwuds_1502	vwuds_entity_1605
vwuds_5376	vwuds_entity_1610
vwuds_0060	vwuds_entity_1614
vwuds_5044	vwuds_entity_1617
vwuds_0955	vwuds_entity_1620
vwuds_5534	vwuds_entity_1624
vwuds_10056	vwuds_entity_1627
vwuds_10058	vwuds_entity_1627
vwuds_10054	vwuds_entity_1627
vwuds_10055	vwuds_entity_1627
vwuds_0735	vwuds_entity_1627
vwuds_0731	vwuds_entity_1628
vwuds_1996	vwuds_entity_1628
vwuds_2002	vwuds_entity_1632
vwuds_1513	vwuds_entity_1632
vwuds_1319	vwuds_entity_1635
vwuds_0256	vwuds_entity_1638
vwuds_5673	vwuds_entity_1613
vwuds_5198	vwuds_entity_1640
vwuds_5353	vwuds_entity_1641
vwuds_2068	vwuds_entity_1653
vwuds_5080	vwuds_entity_1656
vwuds_1113	vwuds_entity_1065
vwuds_5715	vwuds_entity_1667
vwuds_5315	vwuds_entity_1668
vwuds_5532	vwuds_entity_1669
vwuds_5505	vwuds_entity_1674
vwuds_5477	vwuds_entity_1681
vwuds_0427	vwuds_entity_1683
vwuds_1833	vwuds_entity_1690
vwuds_0267	vwuds_entity_1691
vwuds_0566	vwuds_entity_1698
vwuds_0202	vwuds_entity_1698
vwuds_2236	vwuds_entity_1897
vwuds_5410	vwuds_entity_1710
vwuds_5139	vwuds_entity_1716
vwuds_0911	vwuds_entity_360
vwuds_5692	vwuds_entity_801
vwuds_1766	vwuds_entity_1692
vwuds_10160	vwuds_entity_1870
vwuds_2155	vwuds_entity_164
vwuds_5440	vwuds_entity_846
vwuds_10453	vwuds_entity_24686
vwuds_5743	vwuds_entity_563
vwuds_5141	vwuds_entity_862
vwuds_5863	vwuds_entity_1708
vwuds_1724	vwuds_entity_112
vwuds_0376	vwuds_entity_663
vwuds_0719	vwuds_entity_116
vwuds_1750	vwuds_entity_229
vwuds_0864	vwuds_entity_317
vwuds_2183	vwuds_entity_405
vwuds_10046	vwuds_entity_548
vwuds_0345	vwuds_entity_1122
vwuds_0175	vwuds_entity_566
vwuds_2036	vwuds_entity_57
vwuds_0142	vwuds_entity_142
vwuds_10420	vwuds_entity_11728
vwuds_10028	vwuds_entity_647
vwuds_1323	vwuds_entity_1448
vwuds_0130	vwuds_entity_1491
vwuds_5750	vwuds_entity_947
vwuds_5373	vwuds_entity_1597
vwuds_0823	vwuds_entity_911
vwuds_2157	vwuds_entity_1005
vwuds_1204	vwuds_entity_57
vwuds_0655	vwuds_entity_322
vwuds_5002	vwuds_entity_997
vwuds_2086	vwuds_entity_1727
vwuds_5723	vwuds_entity_674
vwuds_10386	vwuds_entity_8730
vwuds_0250	vwuds_entity_1488
vwuds_1954	vwuds_entity_185
vwuds_0757	vwuds_entity_1367
vwuds_1577	vwuds_entity_1796
vwuds_0026	vwuds_entity_638
vwuds_10325	vwuds_entity_3878
vwuds_10380	vwuds_entity_8416
vwuds_0412	vwuds_entity_1224
vwuds_1395	vwuds_entity_1580
vwuds_5043	vwuds_entity_453
vwuds_10348	vwuds_entity_6193
vwuds_1420	vwuds_entity_119
vwuds_10371	vwuds_entity_7561
vwuds_5748	vwuds_entity_1193
vwuds_5578	vwuds_entity_1403
vwuds_0565	vwuds_entity_1604
vwuds_0613	vwuds_entity_22
vwuds_0822	vwuds_entity_34
vwuds_1484	vwuds_entity_50
vwuds_5629	vwuds_entity_996
vwuds_5127	vwuds_entity_1226
vwuds_1844	vwuds_entity_1558
vwuds_5776	vwuds_entity_1621
vwuds_5636	vwuds_entity_220
vwuds_5801	vwuds_entity_833
vwuds_5155	vwuds_entity_1687
vwuds_1279	vwuds_entity_1302
vwuds_5660	vwuds_entity_976
vwuds_10385	vwuds_entity_8719
vwuds_0002	vwuds_entity_407
vwuds_0816	vwuds_entity_1213
vwuds_1287	vwuds_entity_1507
vwuds_10286	vwuds_entity_3054
vwuds_1681	vwuds_entity_1159
vwuds_0048	vwuds_entity_1800
vwuds_0499	vwuds_entity_1704
vwuds_5450	vwuds_entity_707
vwuds_0820	vwuds_entity_1213
vwuds_10359	vwuds_entity_6203
vwuds_2198	vwuds_entity_1648
vwuds_10186	vwuds_entity_1886
vwuds_10367	vwuds_entity_6643
vwuds_0632	vwuds_entity_179
vwuds_1923	vwuds_entity_1629
vwuds_5722	vwuds_entity_685
vwuds_1112	vwuds_entity_1065
vwuds_5461	vwuds_entity_1160
vwuds_5741	vwuds_entity_1388
vwuds_5445	vwuds_entity_1664
vwuds_5893	vwuds_entity_1035
vwuds_5864	vwuds_entity_1195
vwuds_0061	vwuds_entity_671
vwuds_0826	vwuds_entity_1697
vwuds_0413	vwuds_entity_276
vwuds_1723	vwuds_entity_684
vwuds_5115	vwuds_entity_1074
vwuds_1834	vwuds_entity_620
vwuds_5520	vwuds_entity_1042
vwuds_1734	vwuds_entity_401
vwuds_1572	vwuds_entity_1058
vwuds_0622	vwuds_entity_283
vwuds_5598	vwuds_entity_1175
vwuds_0179	vwuds_entity_733
vwuds_1184	vwuds_entity_1092
vwuds_5003	vwuds_entity_1310
vwuds_0103	vwuds_entity_73
vwuds_5493	vwuds_entity_1110
vwuds_1418	vwuds_entity_508
vwuds_5709	vwuds_entity_787
vwuds_5646	vwuds_entity_1706
vwuds_1403	vwuds_entity_880
vwuds_5652	vwuds_entity_1678
vwuds_2030	vwuds_entity_1727
vwuds_0605	vwuds_entity_1154
vwuds_1997	vwuds_entity_1628
vwuds_0264	vwuds_own_0264
vwuds_5375	vwuds_entity_906
vwuds_2100	vwuds_entity_1050
vwuds_10392	vwuds_entity_8726
vwuds_10134	vwuds_entity_57
vwuds_5886	vwuds_entity_892
vwuds_1671	vwuds_entity_47
vwuds_1774	vwuds_entity_1315
vwuds_0118	vwuds_entity_73
vwuds_0146	vwuds_entity_505
vwuds_5551	vwuds_entity_917
vwuds_10313	vwuds_entity_1849
vwuds_0675	vwuds_entity_257
vwuds_0272	vwuds_entity_657
vwuds_2060	vwuds_entity_664
vwuds_0665	vwuds_entity_52
vwuds_2156	vwuds_entity_894
vwuds_5212	vwuds_entity_1616
vwuds_1261	vwuds_entity_57
vwuds_10069	vwuds_entity_1799
vwuds_0860	vwuds_entity_1300
vwuds_2012	vwuds_entity_503
vwuds_1775	vwuds_entity_896
vwuds_1845	vwuds_entity_897
vwuds_5449	vwuds_entity_480
vwuds_5545	vwuds_entity_793
vwuds_5569	vwuds_entity_1673
vwuds_1974	vwuds_own_1974
vwuds_2185	vwuds_entity_1301
vwuds_0208	vwuds_entity_1030
vwuds_2180	vwuds_entity_694
vwuds_5604	vwuds_entity_866
vwuds_0671	vwuds_entity_749
vwuds_10381	vwuds_entity_8423
vwuds_10372	vwuds_entity_6960
vwuds_0015	vwuds_entity_861
vwuds_0718	vwuds_entity_1053
vwuds_1477	vwuds_entity_1538
vwuds_1370	vwuds_entity_57
vwuds_5470	vwuds_entity_477
vwuds_5380	vwuds_entity_596
vwuds_1788	vwuds_entity_1684
vwuds_0105	vwuds_entity_463
vwuds_0728	vwuds_entity_1396
vwuds_10365	vwuds_entity_3880
vwuds_0245	vwuds_entity_970
vwuds_5321	vwuds_entity_1174
vwuds_0207	vwuds_entity_1366
vwuds_10072	vwuds_entity_1782
vwuds_2022	vwuds_entity_1629
vwuds_5662	vwuds_entity_20
vwuds_5720	vwuds_entity_857
vwuds_1247	vwuds_entity_57
vwuds_5027	vwuds_entity_366
vwuds_1913	vwuds_entity_1629
vwuds_10219	vwuds_entity_57
vwuds_10291	vwuds_entity_3043
vwuds_5269	vwuds_entity_538
vwuds_1016	vwuds_entity_987
vwuds_1110	vwuds_entity_1065
vwuds_5501	vwuds_entity_561
vwuds_5322	vwuds_entity_797
vwuds_5109	vwuds_entity_111
vwuds_0301	vwuds_entity_1096
vwuds_0785	vwuds_entity_133
vwuds_2221	vwuds_entity_396
vwuds_5128	vwuds_entity_1608
vwuds_10282	vwuds_entity_3037
vwuds_0161	vwuds_entity_166
vwuds_1904	vwuds_entity_1629
vwuds_5681	vwuds_entity_1650
vwuds_5868	vwuds_entity_892
vwuds_1139	vwuds_entity_158
vwuds_1956	vwuds_entity_967
vwuds_0333	vwuds_entity_1203
vwuds_10330	vwuds_entity_3883
vwuds_0606	vwuds_entity_1154
vwuds_0092	vwuds_entity_1691
vwuds_5102	vwuds_entity_241
vwuds_1155	vwuds_entity_745
vwuds_5100	vwuds_entity_838
vwuds_1013	vwuds_entity_1222
vwuds_1764	vwuds_entity_1349
vwuds_1673	vwuds_entity_1727
vwuds_0569	vwuds_entity_1719
vwuds_0551	vwuds_entity_1293
vwuds_2017	vwuds_entity_322
vwuds_2196	vwuds_entity_621
vwuds_5437	vwuds_entity_632
vwuds_10428	vwuds_entity_13224
vwuds_1456	vwuds_entity_1565
vwuds_1686	vwuds_entity_1727
vwuds_1429	vwuds_entity_1580
vwuds_10180	vwuds_entity_1882
vwuds_2023	vwuds_entity_1629
vwuds_5732	vwuds_entity_29
vwuds_0328	vwuds_entity_219
vwuds_10023	vwuds_entity_1051
